,Original Classification,Origianl Accuracy,Transposed Classification,Transpose Accuracy,SaltNoise Classification,Saltnoise Accuracy,DIRSaltNoise Classification(ALT),DIRSaltnoise Accuracy(ALT)
0,electric_ray,0.717825234,jellyfish,0.414097518,electric_ray,0.577643096,electric_ray,0.712059498
1,maze,0.19283475,analog_clock,0.122681417,hair_slide,0.126375005,shower_cap,0.18686147
2,flatworm,0.204083994,isopod,0.274022609,isopod,0.215992257,lacewing,0.162874773
3,electric_ray,0.12749733,electric_ray,0.152312502,electric_ray,0.32783708,electric_ray,0.259889275
4,electric_ray,0.925043583,electric_ray,0.66580379,electric_ray,0.845937252,electric_ray,0.95334053
5,electric_ray,0.76523912,jellyfish,0.724791229,electric_ray,0.653033435,electric_ray,0.730754495
6,electric_ray,0.615458906,jellyfish,0.35243389,electric_ray,0.640129805,electric_ray,0.748050272
7,puffer,0.755792022,eel,0.326208293,puffer,0.658261418,puffer,0.725355864
8,rock_beauty,0.786150277,rock_beauty,0.261118352,puffer,0.649757743,rock_beauty,0.658593953
9,puffer,0.690209985,puffer,0.146694273,puffer,0.90879041,puffer,0.810788155
10,barracouta,0.527224064,tench,0.581040859,electric_ray,0.897987902,barracouta,0.507022023
11,electric_ray,0.60992384,electric_ray,0.315096766,electric_ray,0.531931043,electric_ray,0.615497947
12,coral_reef,0.197561011,puffer,0.326229364,coral_reef,0.145194396,coral_reef,0.167685017
13,coral_reef,0.207017675,eel,0.237193316,electric_ray,0.258403003,electric_ray,0.275928557
14,puffer,0.836573124,puffer,0.171883225,puffer,0.837691963,puffer,0.85750258
15,puffer,0.676633418,electric_ray,0.515327752,puffer,0.895593524,puffer,0.916314185
16,puffer,0.900394976,puffer,0.37264958,puffer,0.952154517,puffer,0.885281682
17,tench,0.427504808,tench,0.361940145,tench,0.224623963,tench,0.26340577
18,sturgeon,0.397230268,eel,0.688358843,sturgeon,0.200896725,sturgeon,0.394255579
19,puffer,0.255604029,goldfish,0.425995409,goldfish,0.179670885,puffer,0.183036372
20,puffer,0.456765145,goldfish,0.559685826,electric_ray,0.323787093,puffer,0.543623984
21,tench,0.253913373,tench,0.285968751,puffer,0.26576066,electric_ray,0.16419585
22,puffer,0.906558335,Indian_cobra,0.180957869,puffer,0.80545032,puffer,0.929463744
23,puffer,0.195034146,chambered_nautilus,0.054871045,puffer,0.148296133,barracouta,0.144637927
24,rock_beauty,0.606165111,rock_beauty,0.510959864,rock_beauty,0.741232753,rock_beauty,0.662578642
25,rock_beauty,0.786467135,rock_beauty,0.495050848,rock_beauty,0.883417487,rock_beauty,0.785014212
26,barracouta,0.344017029,frilled_lizard,0.128703028,barracouta,0.204439938,barracouta,0.306463152
27,puffer,0.195034146,chambered_nautilus,0.054871045,puffer,0.227330834,rock_beauty,0.141985714
28,barracouta,0.221973225,frilled_lizard,0.06416399,puffer,0.201213971,barracouta,0.241750419
29,puffer,0.492233336,zebra,0.208809152,puffer,0.616906822,puffer,0.55710417
30,puffer,0.220237643,zebra,0.07950455,puffer,0.446441889,puffer,0.435586393
31,rock_beauty,0.621193528,rock_beauty,0.920002937,rock_beauty,0.641380489,rock_beauty,0.626098573
32,puffer,0.352067411,platypus,0.064373128,barracouta,0.191953614,puffer,0.197206721
33,goldfish,0.377310097,barracouta,0.303995132,goldfish,0.407739609,goldfish,0.344385415
34,tench,0.278115481,barracouta,0.215636134,tench,0.3975676,tench,0.301738709
35,rock_beauty,0.247906655,barracouta,0.185064495,rock_beauty,0.328343362,rock_beauty,0.381769329
36,rock_beauty,0.704574764,barracouta,0.227434337,rock_beauty,0.449937314,rock_beauty,0.515344858
37,barracouta,0.627033949,iron,0.136107981,coho,0.543534219,coho,0.578707457
38,tench,0.873993337,tench,0.891016185,tench,0.880694151,tench,0.901999235
39,tench,0.534679174,tench,0.586361885,tench,0.594893992,tench,0.487730742
40,barracouta,0.636051595,barracouta,0.083108477,barracouta,0.395316452,barracouta,0.475447476
41,rock_beauty,0.934546411,rock_beauty,0.798302233,coral_reef,0.41487962,rock_beauty,0.78621316
42,tench,0.714091301,tench,0.323493809,tench,0.594373167,tench,0.70586592
43,coho,0.307127863,barracouta,0.469729245,tench,0.292908907,coho,0.452484131
44,rock_beauty,0.410888046,barracouta,0.368595779,rock_beauty,0.620285809,rock_beauty,0.600276172
45,barracouta,0.312863767,barracouta,0.52272141,tench,0.270175129,barracouta,0.330767184
46,rock_beauty,0.392241657,frilled_lizard,0.723523736,goldfish,0.384092569,rock_beauty,0.408987522
47,barracouta,0.398581684,barracouta,0.490868002,rock_beauty,0.509171546,rock_beauty,0.547826529
48,barracouta,0.276805788,eel,0.043277737,barracouta,0.423769772,barracouta,0.421816945
49,goldfish,0.443436354,barracouta,0.670696735,goldfish,0.433029354,goldfish,0.537631571
50,barracouta,0.705782115,barracouta,0.422504336,barracouta,0.525703788,barracouta,0.520895362
51,barracouta,0.30337435,barracouta,0.491335928,goldfish,0.264020473,barracouta,0.240456969
52,tench,0.546929061,tench,0.16837208,tench,0.583399892,tench,0.57056886
53,barracouta,0.465656132,barracouta,0.054685015,barracouta,0.380227894,barracouta,0.416522324
54,barracouta,0.36846143,frilled_lizard,0.126499996,barracouta,0.195807844,barracouta,0.368491501
55,rock_beauty,0.318019122,chain_mail,0.325842559,tench,0.025726413,rock_beauty,0.434637308
56,electric_ray,0.573389232,dugong,0.726126194,puffer,0.190911412,electric_ray,0.532456815
57,tench,0.242582962,eel,0.724683344,puffer,0.139435217,eel,0.304924339
58,rock_beauty,0.879738927,rock_beauty,0.25058046,rock_beauty,0.317799062,rock_beauty,0.365487456
59,rock_beauty,0.588427961,rock_beauty,0.35902378,electric_ray,0.246345669,puffer,0.324031234
60,rock_beauty,0.573061526,coral_reef,0.154682353,puffer,0.331716597,rock_beauty,0.493569285
61,rock_beauty,0.20701845,eel,0.81713593,puffer,0.720115006,puffer,0.214661941
62,rock_beauty,0.207763448,puffer,0.197846845,dugong,0.257206649,dugong,0.278326333
63,rock_beauty,0.456916779,dugong,0.506510854,rock_beauty,0.185762346,rock_beauty,0.326258451
64,tench,0.821571589,tench,0.348078907,tench,0.363838345,tench,0.875965178
65,rock_beauty,0.328693748,rock_beauty,0.583005488,puffer,0.698112547,puffer,0.360132158
66,tench,0.338890612,rock_beauty,0.292080045,puffer,0.490291446,rock_beauty,0.435488611
67,electric_ray,0.424562395,electric_ray,0.46691522,electric_ray,0.298243701,electric_ray,0.508695543
68,electric_ray,0.420162618,hip,0.134746015,electric_ray,0.523630083,electric_ray,0.407502502
69,electric_ray,0.532063723,electric_ray,0.427520633,electric_ray,0.516380489,electric_ray,0.505150259
70,electric_ray,0.046735834,electric_fan,0.134437457,electric_ray,0.048050672,hair_slide,0.049226217
71,electric_ray,0.570718229,electric_ray,0.667704165,electric_ray,0.538779914,electric_ray,0.564486623
72,puffer,0.806666911,electric_ray,0.861253738,puffer,0.815020502,puffer,0.825832784
73,rock_beauty,0.747454584,chambered_nautilus,0.143786773,rock_beauty,0.799956799,rock_beauty,0.760291219
74,isopod,0.928753376,trilobite,0.498425514,isopod,0.363733828,isopod,0.938055456
75,isopod,0.499317855,quill,0.7365098,chambered_nautilus,0.352833807,isopod,0.340288639
76,rock_beauty,0.914509177,eel,0.471821398,rock_beauty,0.942870677,rock_beauty,0.940407634
77,tench,0.640260577,platypus,0.148039371,tench,0.585593402,tench,0.864226818
78,eel,0.640190482,puffer,0.377310991,eel,0.651087761,eel,0.698176503
79,rock_beauty,0.952798128,eel,0.336956859,rock_beauty,0.705316842,rock_beauty,0.830375612
80,rock_beauty,0.765506506,eel,0.06664063,rock_beauty,0.865555465,rock_beauty,0.829931021
81,rock_beauty,0.835536063,rock_beauty,0.915150404,rock_beauty,0.700858772,rock_beauty,0.936282098
82,tench,0.676424384,tench,0.242246702,tench,0.732832074,tench,0.760760903
83,rock_beauty,0.69403708,eel,0.51829356,rock_beauty,0.337077349,rock_beauty,0.530528426
84,tench,0.639565647,tench,0.212434664,rock_beauty,0.319403738,tench,0.37218219
85,rock_beauty,0.108049102,black_grouse,0.43137908,tench,0.229725793,tench,0.103264429
86,rock_beauty,0.833347142,coral_reef,0.322818667,puffer,0.693345547,rock_beauty,0.547674298
87,lionfish,0.109912552,lionfish,0.741783559,loggerhead,0.151011378,loggerhead,0.078444958
88,barracouta,0.292806417,electric_ray,0.136442617,coho,0.511017859,barracouta,0.531835079
89,gar,0.250525504,barracouta,0.184641913,barracouta,0.195467904,barracouta,0.288130045
90,barracouta,0.148193404,grey_whale,0.727293909,barracouta,0.225009337,barracouta,0.18451722
91,gar,0.295889318,stingray,0.274703979,coho,0.156074345,barracouta,0.221118778
92,electric_ray,0.420978129,stingray,0.404127151,electric_ray,0.204778165,electric_ray,0.36723727
93,barracouta,0.402214557,electric_ray,0.220835224,conch,0.217537045,conch,0.196546793
94,electric_ray,0.207525805,electric_ray,0.568149686,great_white_shark,0.180994391,electric_ray,0.236873239
95,goldfish,0.67346859,electric_ray,0.418420374,goldfish,0.659319878,goldfish,0.672637284
96,goldfish,0.68967104,electric_ray,0.510935426,goldfish,0.850283325,goldfish,0.74828887
97,electric_ray,0.146244869,quill,0.064322695,electric_ray,0.407314748,electric_ray,0.388947934
98,electric_ray,0.211811557,electric_ray,0.190208361,electric_ray,0.165766045,electric_ray,0.117539302
99,goldfish,0.607112527,puffer,0.190214172,goldfish,0.651918292,goldfish,0.527487159
100,goldfish,0.622381747,puffer,0.206681833,goldfish,0.723398566,goldfish,0.572288632
101,electric_ray,0.864203453,electric_ray,0.141146258,bow_tie,0.234820545,electric_ray,0.556219816
102,electric_ray,0.323304921,ptarmigan,0.046913635,bow_tie,0.50223434,electric_ray,0.38213411
103,electric_ray,0.865422726,electric_ray,0.392898709,electric_ray,0.896765649,electric_ray,0.879978657
104,puffer,0.59733063,sturgeon,0.225681707,electric_ray,0.753797948,puffer,0.460423112
105,electric_ray,0.497426718,hourglass,0.747037351,electric_ray,0.436713606,electric_ray,0.481108904
106,puffer,0.954212844,sea_cucumber,0.288609803,puffer,0.957593679,puffer,0.961566806
107,electric_ray,0.524135709,electric_ray,0.41037479,electric_ray,0.58884722,electric_ray,0.573656082
108,tiger_shark,0.356951326,electric_ray,0.815638244,electric_ray,0.424084932,electric_ray,0.329903066
109,electric_ray,0.334632188,tiger_shark,0.488284081,electric_ray,0.282648355,electric_ray,0.432352066
110,electric_ray,0.244876504,tiger_shark,0.49183467,electric_ray,0.448559165,electric_ray,0.556134939
111,electric_ray,0.89184165,electric_ray,0.707993329,electric_ray,0.876666903,electric_ray,0.863709748
112,electric_ray,0.583289325,electric_ray,0.581780553,electric_ray,0.676789165,electric_ray,0.650511086
113,puffer,0.965503395,puffer,0.737652183,puffer,0.923003376,puffer,0.974289596
114,electric_ray,0.324320883,puffer,0.574686944,electric_ray,0.258830577,electric_ray,0.335794717
115,puffer,0.745026767,puffer,0.28283146,puffer,0.592467546,puffer,0.660862565
116,puffer,0.906988442,puffer,0.709116817,puffer,0.842855453,puffer,0.905488372
117,puffer,0.974893332,puffer,0.798331797,puffer,0.977907836,puffer,0.981152415
118,puffer,0.339146197,lionfish,0.244308844,puffer,0.531594992,puffer,0.403632551
119,puffer,0.594523549,puffer,0.849101126,puffer,0.610190988,puffer,0.503985465
120,puffer,0.874463141,puffer,0.969276249,puffer,0.719878495,puffer,0.873000801
121,electric_ray,0.511661828,electric_ray,0.565621316,puffer,0.532103121,puffer,0.591366231
122,electric_ray,0.379765689,electric_ray,0.595013082,electric_ray,0.288091213,electric_ray,0.258909672
123,puffer,0.985614717,puffer,0.8702631,puffer,0.987742186,puffer,0.984642088
124,puffer,0.883653581,puffer,0.932785511,puffer,0.84244293,puffer,0.835926294
125,puffer,0.98786515,eel,0.285737664,puffer,0.988530099,puffer,0.988829553
126,puffer,0.966151476,electric_ray,0.496903002,puffer,0.947680831,puffer,0.972144544
127,puffer,0.995325685,puffer,0.950596452,puffer,0.996568322,puffer,0.994429886
128,puffer,0.824271679,electric_ray,0.180764496,puffer,0.935018241,puffer,0.843039334
129,puffer,0.947154045,puffer,0.646674216,puffer,0.921036005,puffer,0.943088591
130,puffer,0.873484492,puffer,0.948188126,puffer,0.835522532,puffer,0.854096055
131,rock_beauty,0.591865242,electric_ray,0.665060401,electric_ray,0.538589835,rock_beauty,0.400347054
132,electric_ray,0.46860832,electric_ray,0.807362676,electric_ray,0.395310611,electric_ray,0.421888828
133,electric_ray,0.425491989,electric_fan,0.193821251,electric_ray,0.468932658,electric_ray,0.236310244
134,eel,0.302439243,stingray,0.258824289,eel,0.379282743,eel,0.272100896
135,rock_beauty,0.439582348,eel,0.822170317,electric_ray,0.207675144,rock_beauty,0.331787258
136,rock_beauty,0.415359676,tench,0.194737241,electric_ray,0.376336724,puffer,0.586305261
137,rock_beauty,0.342921197,eel,0.694780171,puffer,0.257355541,rock_beauty,0.298253655
138,eel,0.692073703,eel,0.618831813,puffer,0.326544642,eel,0.538636506
139,rock_beauty,0.205361038,electric_ray,0.538369238,electric_ray,0.254068315,puffer,0.300155461
140,anemone_fish,0.342996091,eel,0.218952209,sea_slug,0.161122963,rock_beauty,0.329183251
141,puffer,0.658546627,electric_ray,0.635263801,puffer,0.711252689,puffer,0.755184531
142,puffer,0.45460555,electric_ray,0.117811225,electric_ray,0.394023031,electric_ray,0.602183938
143,coral_reef,0.368612379,coral_reef,0.335929334,coral_reef,0.200348124,coral_reef,0.321148723
144,coral_reef,0.384291977,brain_coral,0.184997961,coral_reef,0.43032828,coral_reef,0.33551988
145,puffer,0.856317341,puffer,0.683241248,puffer,0.55704391,puffer,0.930571377
146,puffer,0.490926981,electric_ray,0.397263646,puffer,0.368959039,puffer,0.54068923
147,rock_beauty,0.274391532,coral_reef,0.170610324,puffer,0.17832388,puffer,0.313351125
148,rock_beauty,0.891885996,electric_ray,0.283531159,electric_ray,0.494943321,rock_beauty,0.520396471
149,puffer,0.570728719,electric_ray,0.147182912,puffer,0.738115251,puffer,0.619222403
150,rock_beauty,0.437454492,electric_ray,0.233286858,rock_beauty,0.510575891,rock_beauty,0.455696493
151,rock_beauty,0.783773124,overskirt,0.051046617,rock_beauty,0.589049041,rock_beauty,0.564585209
152,bow_tie,0.327448219,sundial,0.146925911,bow_tie,0.489108056,bow_tie,0.766149759
153,rock_beauty,0.357271612,electric_ray,0.327120095,rock_beauty,0.453442276,rock_beauty,0.261852056
154,puffer,0.587588549,electric_ray,0.205104277,puffer,0.718928158,puffer,0.604469776
155,bow_tie,0.150580406,electric_ray,0.704137385,bow_tie,0.134875208,bow_tie,0.154246002
156,puffer,0.492350638,electric_ray,0.489476264,puffer,0.655858397,puffer,0.491614848
157,puffer,0.308682293,electric_ray,0.882562399,puffer,0.222110525,puffer,0.327637494
158,rock_beauty,0.314691275,tench,0.211659893,rock_beauty,0.34605965,rock_beauty,0.362563193
159,coho,0.338328779,barracouta,0.26736328,coho,0.478805095,coho,0.328061819
160,puffer,0.74162823,electric_ray,0.091989413,puffer,0.701847613,puffer,0.693258524
161,electric_ray,0.073260896,electric_ray,0.125372142,electric_ray,0.06910488,electric_ray,0.086938411
162,puffer,0.340074718,electric_ray,0.196592882,puffer,0.705856025,puffer,0.686670244
163,coral_reef,0.643718839,coral_reef,0.759385407,coral_reef,0.662565947,coral_reef,0.650588214
164,eel,0.631442726,eel,0.265361547,eel,0.85704577,eel,0.625480294
165,goldfish,0.332663625,goldfish,0.545454025,goldfish,0.328902334,goldfish,0.308096826
166,goldfish,0.369028777,tench,0.360445797,goldfish,0.294759095,goldfish,0.337114036
167,rock_beauty,0.177493006,mask,0.036011573,tench,0.250581264,tench,0.20122245
168,rock_beauty,0.302110046,goldfish,0.110159732,goldfish,0.203485981,rock_beauty,0.347310901
169,coral_reef,0.6386711,coral_reef,0.63291806,coral_reef,0.431650072,coral_reef,0.642768919
170,tench,0.359139889,gar,0.581876278,tench,0.258375436,tench,0.391831994
171,tench,0.139929682,trilobite,0.397064388,tench,0.14655076,tench,0.124064617
172,rock_beauty,0.400518119,vase,0.069145188,barracouta,0.220320642,rock_beauty,0.167788893
173,bow_tie,0.106484264,brain_coral,0.12964493,bow_tie,0.32820335,bow_tie,0.155238807
174,barracouta,0.121232301,vase,0.068733811,puffer,0.173904464,puffer,0.20002155
175,puffer,0.161915898,loggerhead,0.298264503,puffer,0.149887428,puffer,0.160859838
176,rock_beauty,0.06777519,ski_mask,0.155225456,trilobite,0.151067808,puffer,0.06050197
177,rock_beauty,0.77549392,tench,0.16034691,rock_beauty,0.759720325,rock_beauty,0.768653333
178,coho,0.452748626,stingray,0.105082795,coho,0.374587506,coho,0.393139333
179,rock_beauty,0.878937423,electric_ray,0.142728955,rock_beauty,0.773028433,rock_beauty,0.82910049
180,triceratops,0.087173469,chain_mail,0.179726169,electric_ray,0.068009794,triceratops,0.075199433
181,rock_beauty,0.64781332,rock_beauty,0.206030667,rock_beauty,0.419537753,rock_beauty,0.539380252
182,barracouta,0.183233649,mask,0.148820922,tench,0.302607894,coho,0.214296073
183,rock_beauty,0.540890098,dugong,0.081543058,tench,0.173532724,tench,0.245512888
184,coral_reef,0.418518186,lycaenid,0.170613587,coral_reef,0.192578748,rock_beauty,0.298164904
185,rock_beauty,0.706883371,rock_beauty,0.260099232,rock_beauty,0.393746763,rock_beauty,0.673962712
186,rock_beauty,0.706883371,rock_beauty,0.260099232,rock_beauty,0.332340032,rock_beauty,0.551013768
187,rock_beauty,0.278743327,puffer,0.113444544,rock_beauty,0.268628031,rock_beauty,0.251278728
188,electric_ray,0.187467575,electric_ray,0.244776517,electric_ray,0.370214581,electric_ray,0.283683598
189,electric_ray,0.241274044,brain_coral,0.21664457,electric_ray,0.12931338,electric_ray,0.281646132
190,rock_beauty,0.127855793,bonnet,0.438070804,electric_ray,0.128127545,bow_tie,0.544830799
191,puffer,0.547960222,puffer,0.833882868,puffer,0.375484318,puffer,0.585462451
192,electric_ray,0.737747788,electric_ray,0.385684937,electric_ray,0.799511492,electric_ray,0.779303968
193,puffer,0.478354603,puffer,0.091677524,puffer,0.487045586,puffer,0.334282547
194,rock_beauty,0.523117006,rock_beauty,0.430204391,rock_beauty,0.380704969,rock_beauty,0.454714715
195,eel,0.656914234,eel,0.52845484,eel,0.578179598,eel,0.646727264
196,puffer,0.131104067,bonnet,0.517266214,electric_ray,0.13346988,puffer,0.101976402
197,strainer,0.531652808,strainer,0.067965798,strainer,0.607951701,strainer,0.734102786
198,puffer,0.830757976,eel,0.291217864,puffer,0.669736922,puffer,0.586149514
199,puffer,0.875118792,puffer,0.135615885,puffer,0.889031231,puffer,0.916553736
200,rock_beauty,0.524494708,tench,0.061059348,rock_beauty,0.405383527,rock_beauty,0.389293522
201,puffer,0.944405675,puffer,0.380411595,puffer,0.832367063,puffer,0.900095284
202,puffer,0.619137347,eel,0.614259243,puffer,0.592484474,puffer,0.609855711
203,puffer,0.665734351,rock_beauty,0.394517392,puffer,0.547495186,puffer,0.683859587
204,puffer,0.954539239,puffer,0.798746943,puffer,0.972689807,puffer,0.973527968
205,rock_beauty,0.782691061,rock_beauty,0.083717197,electric_ray,0.466200054,rock_beauty,0.432349622
206,strainer,0.165599778,bonnet,0.266543686,leatherback_turtle,0.146056205,bow_tie,0.265520245
207,puffer,0.616129875,rock_beauty,0.629605711,puffer,0.404845804,puffer,0.369996756
208,puffer,0.859502256,eel,0.74744457,puffer,0.715563536,puffer,0.745826602
209,puffer,0.844018579,eel,0.762158453,puffer,0.85747242,puffer,0.89428997
210,puffer,0.865797341,puffer,0.719072998,puffer,0.784330964,puffer,0.882062733
211,puffer,0.960477412,puffer,0.223195165,puffer,0.894978166,puffer,0.926142097
212,puffer,0.700171173,electric_ray,0.198709086,electric_ray,0.557674646,puffer,0.568520784
213,tench,0.159480378,coho,0.095228031,goldfish,0.199838296,rock_beauty,0.17111586
214,rock_beauty,0.71033293,rock_beauty,0.338222444,puffer,0.272123277,rock_beauty,0.842730105
215,coho,0.314301312,trilobite,0.070605852,coho,0.591417313,coho,0.223760992
216,rock_beauty,0.855435789,rock_beauty,0.600096226,rock_beauty,0.730797827,rock_beauty,0.760397673
217,puffer,0.840980053,electric_ray,0.266752183,puffer,0.812092364,puffer,0.842597187
218,rock_beauty,0.642219186,electric_ray,0.253863454,rock_beauty,0.484768867,electric_ray,0.307582587
219,rock_beauty,0.54465127,puffer,0.22745654,rock_beauty,0.605713725,rock_beauty,0.706768155
220,rock_beauty,0.472355902,rock_beauty,0.248962522,goldfish,0.323828876,rock_beauty,0.467582464
221,rock_beauty,0.680713296,strawberry,0.192035362,rock_beauty,0.304793715,rock_beauty,0.422777742
222,rock_beauty,0.32422328,goldfish,0.440669477,rock_beauty,0.347909063,rock_beauty,0.346233934
223,rock_beauty,0.890461802,rock_beauty,0.739281774,rock_beauty,0.84479779,rock_beauty,0.825140178
224,rock_beauty,0.477251351,rock_beauty,0.129712105,rock_beauty,0.241465494,rock_beauty,0.19742842
225,rock_beauty,0.298931092,puffer,0.284345835,rock_beauty,0.349837363,rock_beauty,0.334000051
226,rock_beauty,0.386562914,goldfish,0.75776118,goldfish,0.222330242,goldfish,0.415623277
227,tench,0.086700879,bonnet,0.135065377,bow_tie,0.081895709,swab,0.05919623
228,great_white_shark,0.156751484,barracouta,0.171583727,electric_ray,0.128245085,great_white_shark,0.111141331
229,electric_ray,0.315680355,barracouta,0.166078895,goldfish,0.614033341,goldfish,0.385721773
230,goldfish,0.229867399,barracouta,0.225562304,electric_ray,0.104743071,goldfish,0.123412572
231,coho,0.152221128,snail,0.09277802,puffer,0.167835444,coho,0.137599021
232,rock_beauty,0.966518104,rock_beauty,0.592507958,rock_beauty,0.65326637,rock_beauty,0.875523508
233,rock_beauty,0.452161014,electric_ray,0.559819758,puffer,0.35253948,rock_beauty,0.392325848
234,barracouta,0.281799525,barracouta,0.489481121,coho,0.19073765,coho,0.295839041
235,eel,0.749021709,puffer,0.791318893,eel,0.771328926,eel,0.772530198
236,puffer,0.377530575,puffer,0.224718094,puffer,0.401272029,puffer,0.413426667
237,puffer,0.189271495,coho,0.297264576,puffer,0.168371096,puffer,0.171719745
238,barracouta,0.455547124,barracouta,0.236280799,barracouta,0.450789243,barracouta,0.384818345
239,puffer,0.554024458,lionfish,0.474527568,puffer,0.605236769,puffer,0.53297472
240,strainer,0.348528922,leatherback_turtle,0.67875886,iron,0.270722061,strainer,0.187153175
241,electric_ray,0.273184419,bow_tie,0.368249893,puffer,0.536285937,electric_ray,0.147957131
242,barracouta,0.268289447,barracouta,0.203557342,tench,0.285428613,goldfish,0.243884549
243,puffer,0.23449111,puffer,0.330639362,puffer,0.223468959,puffer,0.321575254
244,puffer,0.665963054,coral_reef,0.181652248,puffer,0.700603664,puffer,0.683991373
245,rock_beauty,0.509194911,goldfish,0.39965111,goldfish,0.240586326,puffer,0.207411706
246,puffer,0.392668754,puffer,0.197847053,puffer,0.335183561,puffer,0.270643383
247,coral_reef,0.405597895,eel,0.542173147,coral_reef,0.299704552,coral_reef,0.308683664
248,puffer,0.554911435,trilobite,0.290698528,puffer,0.640583873,puffer,0.561038017
249,barracouta,0.164612189,barracouta,0.059594929,tench,0.235638842,tench,0.158289522
250,barracouta,0.683965385,quill,0.629009306,barracouta,0.205439791,barracouta,0.599738061
251,barracouta,0.398403436,dugong,0.144456044,barracouta,0.674249828,barracouta,0.675280213
252,coho,0.544748724,barracouta,0.857320428,coho,0.506336272,coho,0.531245112
253,rock_beauty,0.200635999,eel,0.279825777,barracouta,0.243992254,barracouta,0.269318461
254,barracouta,0.949045777,barracouta,0.89667213,coho,0.561319172,barracouta,0.662178636
255,coral_reef,0.618503869,eel,0.617152512,coral_reef,0.509042978,coral_reef,0.591232121
256,rock_beauty,0.31702143,eel,0.384157002,rock_beauty,0.25888899,tench,0.23330234
257,goldfish,0.361134171,eel,0.201715738,goldfish,0.286370844,goldfish,0.364086747
258,barracouta,0.564321935,rock_beauty,0.265951157,barracouta,0.305677682,barracouta,0.519581139
259,electric_ray,0.153832674,electric_ray,0.22052969,puffer,0.394308001,electric_ray,0.180748761
260,barracouta,0.937211514,barracouta,0.957643688,barracouta,0.957320929,barracouta,0.948051512
261,barracouta,0.689105272,barracouta,0.505047679,barracouta,0.696385026,barracouta,0.745038331
262,tench,0.203141496,eel,0.37116313,barracouta,0.122283883,barracouta,0.145501614
263,rock_beauty,0.499637991,African_chameleon,0.159473389,rock_beauty,0.465554506,rock_beauty,0.534052372
264,barracouta,0.715090752,goldfish,0.526925862,barracouta,0.425839931,barracouta,0.711200297
265,barracouta,0.56397754,barracouta,0.622833192,reel,0.381699622,barracouta,0.385857671
266,rock_beauty,0.251341045,eel,0.424985439,electric_ray,0.100215338,electric_ray,0.236979395
267,puffer,0.165741667,electric_ray,0.411486655,puffer,0.136436209,coral_reef,0.160912812
268,tiger_shark,0.117393188,dugong,0.498877257,dugong,0.794087887,dugong,0.196371913
269,barracouta,0.654981136,barracouta,0.75507319,coho,0.782666445,barracouta,0.373984188
270,barracouta,0.93004936,barracouta,0.993819654,barracouta,0.95339185,barracouta,0.934710205
271,barracouta,0.478606462,barracouta,0.227616683,barracouta,0.317270428,barracouta,0.276009232
272,barracouta,0.33651346,electric_ray,0.250520051,electric_ray,0.274609536,tiger_shark,0.272788078
273,tench,0.389252812,barracouta,0.845421433,barracouta,0.313945532,tench,0.354819477
274,dugong,0.063879989,barracouta,0.322713882,electric_ray,0.088809699,armadillo,0.086075231
275,barracouta,0.367352545,barracouta,0.655031383,barracouta,0.244696245,barracouta,0.376784563
276,electric_ray,0.392118633,hammerhead,0.242187649,electric_ray,0.4909105,electric_ray,0.317741126
277,dugong,0.063879989,barracouta,0.322713882,electric_ray,0.447627336,puffer,0.064934596
278,barracouta,0.486466616,barracouta,0.150329396,barracouta,0.467416555,barracouta,0.48445648
279,rock_beauty,0.41833961,electric_ray,0.391524822,electric_ray,0.40579766,rock_beauty,0.361947954
280,barracouta,0.857619584,barracouta,0.953283846,barracouta,0.852569461,barracouta,0.856246173
281,barracouta,0.305162191,barracouta,0.262630582,barracouta,0.325268328,electric_ray,0.39352873
282,barracouta,0.275643706,barracouta,0.764595747,rock_beauty,0.20911397,rock_beauty,0.254278839
283,tench,0.410606056,coho,0.441144228,tench,0.363476813,tench,0.395566165
284,coho,0.642424166,coho,0.520139515,coho,0.343425006,coho,0.626264036
285,barracouta,0.481489033,tench,0.640883625,barracouta,0.369941622,barracouta,0.348383814
286,rock_beauty,0.277914315,barracouta,0.37139535,tench,0.22829698,tench,0.300037742
287,barracouta,0.968174756,barracouta,0.898899853,barracouta,0.963315487,barracouta,0.96772176
288,coho,0.423597544,coho,0.648330629,coho,0.872803986,coho,0.697775543
289,loupe,0.063254856,hourglass,0.875172853,envelope,0.243616596,envelope,0.241411492
290,strainer,0.12042658,slug,0.03281305,coho,0.073343091,electric_ray,0.08335378
291,goldfish,0.576437056,barracouta,0.286546588,goldfish,0.504101098,goldfish,0.641588271
292,barracouta,0.23862274,bow_tie,0.105497211,barracouta,0.049233597,barracouta,0.116969705
293,barracouta,0.337426931,barracouta,0.114079766,barracouta,0.181528509,barracouta,0.188164473
294,barracouta,0.18715249,barracouta,0.232537866,barracouta,0.258649766,barracouta,0.228671625
295,barracouta,0.448751271,dugong,0.119124934,barracouta,0.282191426,barracouta,0.428033412
296,barracouta,0.335854232,puffer,0.230325684,barracouta,0.347822398,barracouta,0.314915568
297,rock_beauty,0.674261093,goldfish,0.507459044,rock_beauty,0.642032325,rock_beauty,0.655274272
298,goldfish,0.453007251,frilled_lizard,0.438382268,goldfish,0.6267609,goldfish,0.41903773
299,chiton,0.364296079,chiton,0.83504355,chiton,0.401857346,isopod,0.232296184
300,face_powder,0.091656528,face_powder,0.096495003,envelope,0.567324579,envelope,0.337714672
301,isopod,0.392586231,isopod,0.447970212,isopod,0.829043508,isopod,0.671872675
302,sturgeon,0.206273168,sturgeon,0.327825189,sturgeon,0.158599004,sturgeon,0.27401194
303,barracouta,0.543149173,coho,0.729633093,barracouta,0.606305122,coho,0.436519951
304,coho,0.123242885,bow_tie,0.34543848,coho,0.206308365,coho,0.454673201
305,sturgeon,0.185867578,coho,0.526013374,sturgeon,0.299965411,sturgeon,0.218310654
306,sturgeon,0.585674465,sturgeon,0.244280756,sturgeon,0.454527408,sturgeon,0.514172852
307,barracouta,0.48024261,trilobite,0.316418052,barracouta,0.440307736,coho,0.335609496
308,barracouta,0.834499776,barracouta,0.37702778,barracouta,0.727188766,barracouta,0.821846664
309,barracouta,0.727819979,barracouta,0.5833202,barracouta,0.646490991,barracouta,0.72351861
310,dugong,0.466585547,dugong,0.549925923,dugong,0.623537779,dugong,0.595362484
311,barracouta,0.860967875,barracouta,0.237074733,barracouta,0.517640054,barracouta,0.794546008
312,goldfish,0.282626808,barracouta,0.277325541,barracouta,0.212135777,goldfish,0.250617981
313,coho,0.694435358,barracouta,0.455328643,coho,0.587070763,coho,0.727106214
314,barracouta,0.953256011,African_chameleon,0.310010672,barracouta,0.962615728,barracouta,0.955652297
315,tiger_shark,0.385210454,tiger_shark,0.320899725,tiger_shark,0.324161142,tiger_shark,0.354518175
316,tiger_shark,0.434095681,coho,0.219461903,tiger_shark,0.422769785,tiger_shark,0.528604209
317,barracouta,0.72906512,barracouta,0.358777255,sturgeon,0.305002302,barracouta,0.363147795
318,barracouta,0.580346286,coho,0.972504199,coho,0.764869869,coho,0.595741451
319,barracouta,0.340307891,barracouta,0.835600197,barracouta,0.627836347,coho,0.467120826
320,coho,0.414363384,coho,0.865414917,barracouta,0.383062482,coho,0.397550166
321,barracouta,0.227796406,coho,0.38780123,coho,0.324499846,coho,0.301328003
322,great_white_shark,0.16999194,coho,0.588633418,puffer,0.402214378,puffer,0.587801635
323,great_white_shark,0.260588646,great_white_shark,0.154814124,great_white_shark,0.201231331,great_white_shark,0.171238765
324,coho,0.310327321,barracouta,0.641204655,barracouta,0.309615105,coho,0.324945986
325,coho,0.280944616,tiger_shark,0.042800933,great_white_shark,0.246017113,great_white_shark,0.175076962
326,barracouta,0.628715456,barracouta,0.917326152,barracouta,0.641813874,barracouta,0.625390232
327,banded_gecko,0.099210545,meerkat,0.344084471,goldfish,0.302442044,goldfish,0.279414415
328,isopod,0.056429055,sea_cucumber,0.085497327,sea_cucumber,0.096951291,isopod,0.068716943
329,isopod,0.398242503,isopod,0.205334112,rule,0.874423504,isopod,0.574066758
330,electric_ray,0.310415477,mask,0.197150081,electric_ray,0.475433677,electric_ray,0.234461561
331,goldfish,0.132967815,mask,0.136264324,puffer,0.122223333,rock_beauty,0.210621923
332,goldfish,0.992211342,anemone_fish,0.257164448,goldfish,0.978500247,goldfish,0.989955902
333,goldfish,0.593872368,electric_ray,0.088864475,rock_beauty,0.30987668,goldfish,0.339667082
334,goldfish,0.842477918,goldfish,0.18488273,goldfish,0.861051142,goldfish,0.868912041
335,rock_beauty,0.259191185,chain_mail,0.824336946,coho,0.176819101,coho,0.225127637
336,goldfish,0.354320645,puffer,0.138390422,goldfish,0.456372768,puffer,0.284825385
337,puffer,0.660349846,puffer,0.962726772,puffer,0.565246165,puffer,0.776570499
338,rock_beauty,0.683783352,goldfish,0.34923026,goldfish,0.39867866,rock_beauty,0.719637096
339,puffer,0.346449852,puffer,0.457374156,goldfish,0.322983027,puffer,0.354233533
340,goldfish,0.872709155,goldfish,0.853158891,goldfish,0.778605044,goldfish,0.883687079
341,puffer,0.351643294,puffer,0.887559593,goldfish,0.376579881,puffer,0.395605832
342,rock_beauty,0.683783352,goldfish,0.34923026,rock_beauty,0.530161381,rock_beauty,0.821895778
343,goldfish,0.172605678,puffer,0.843656659,goldfish,0.123881891,goldfish,0.123300448
344,puffer,0.458042204,puffer,0.26906988,puffer,0.713244796,puffer,0.460870504
345,rock_beauty,0.637287557,rock_beauty,0.53706944,puffer,0.451922387,rock_beauty,0.614246547
346,puffer,0.235890374,goldfish,0.235606968,puffer,0.510014176,puffer,0.445705533
347,rock_beauty,0.556418598,goldfish,0.249681398,puffer,0.724750996,puffer,0.285897136
348,puffer,0.648328841,hummingbird,0.392282665,puffer,0.31321305,puffer,0.818771362
349,rock_beauty,0.809256673,rock_beauty,0.286208451,rock_beauty,0.631914854,rock_beauty,0.848332345
350,goldfish,0.860717595,rock_beauty,0.447582304,goldfish,0.817651629,goldfish,0.874791086
351,shield,0.202149212,hoopskirt,0.089433603,necklace,0.106282398,shield,0.114537559
352,puffer,0.304316849,ptarmigan,0.521276534,puffer,0.761986494,puffer,0.418782324
353,rock_beauty,0.450958818,puffer,0.496199161,puffer,0.281573176,rock_beauty,0.442181051
354,puffer,0.621531606,kite,0.062885799,puffer,0.733790934,puffer,0.781826138
355,coho,0.270881534,mortarboard,0.074593872,coho,0.202518508,coho,0.203370288
356,rock_beauty,0.516739547,rock_beauty,0.219439417,puffer,0.551605403,rock_beauty,0.454143047
357,puffer,0.299855113,magpie,0.282949686,puffer,0.508487642,puffer,0.340923548
358,puffer,0.126134664,black_grouse,0.516057014,puffer,0.500175238,puffer,0.303363562
359,puffer,0.08776772,coral_reef,0.128240749,puffer,0.194868699,puffer,0.114319891
360,rock_beauty,0.24051252,puffer,0.65473181,puffer,0.6177333,goldfish,0.228648961
361,rock_beauty,0.941660762,rock_beauty,0.49042353,rock_beauty,0.811366677,rock_beauty,0.895858467
362,bald_eagle,0.181417331,black_grouse,0.858813167,black_grouse,0.125284314,bald_eagle,0.24587509
363,rock_beauty,0.304339588,black_grouse,0.160104707,puffer,0.730953336,puffer,0.457266062
364,admiral,0.25765565,admiral,0.628912747,puffer,0.157085076,admiral,0.198132023
365,rock_beauty,0.612825453,puffer,0.432877243,rock_beauty,0.321706057,rock_beauty,0.617048681
366,goldfish,0.432421476,goldfish,0.50804621,goldfish,0.464301586,goldfish,0.513250887
367,puffer,0.88011986,coral_reef,0.54162544,puffer,0.898817778,puffer,0.845097125
368,goldfish,0.29029277,goldfish,0.548665345,puffer,0.313666731,goldfish,0.26494205
369,barracouta,0.446269363,iron,0.188935176,coho,0.628631532,barracouta,0.407985747
370,goldfish,0.394386142,rock_beauty,0.480716735,goldfish,0.360950261,goldfish,0.400728136
371,barracouta,0.239048094,goldfish,0.222030103,barracouta,0.332696319,barracouta,0.198679447
372,puffer,0.399838775,tiger_shark,0.160594597,electric_ray,0.379515201,puffer,0.305105805
373,rock_beauty,0.524973273,goldfish,0.277089447,rock_beauty,0.366690844,rock_beauty,0.455675304
374,goldfish,0.420147836,goldfish,0.45813781,goldfish,0.556207418,goldfish,0.454539388
375,goldfish,0.387182593,goldfish,0.245622054,goldfish,0.442272484,goldfish,0.43030113
376,goldfish,0.557134628,rock_beauty,0.407889932,goldfish,0.545097947,goldfish,0.573483527
377,goldfish,0.546307087,goldfish,0.766775072,goldfish,0.54610163,goldfish,0.515540242
378,rock_beauty,0.381248623,eel,0.484444946,rock_beauty,0.404476017,rock_beauty,0.335313052
379,puffer,0.544410586,puffer,0.617339253,puffer,0.512655556,puffer,0.519378781
380,goldfish,0.610308409,goldfish,0.219843015,goldfish,0.413934678,goldfish,0.504016638
381,puffer,0.215107009,goldfish,0.465423137,goldfish,0.233351275,goldfish,0.291398376
382,puffer,0.643765509,puffer,0.395961434,puffer,0.626793802,puffer,0.635392368
383,goldfish,0.128376096,eel,0.66237098,puffer,0.256789833,coral_reef,0.11163912
384,goldfish,0.789975882,goldfish,0.720662415,goldfish,0.393607199,goldfish,0.763297915
385,coral_reef,0.119359873,eel,0.181837931,goldfish,0.601072311,goldfish,0.148618206
386,goldfish,0.754179955,goldfish,0.57439822,goldfish,0.921033263,goldfish,0.688188374
387,goldfish,0.516722977,goldfish,0.531771898,goldfish,0.813015103,goldfish,0.686250627
388,goldfish,0.93955338,goldfish,0.572628617,goldfish,0.952237189,goldfish,0.901773393
389,goldfish,0.788111627,rock_beauty,0.775117815,goldfish,0.403120071,goldfish,0.732455492
390,goldfish,0.911931515,goldfish,0.708016694,goldfish,0.705657899,goldfish,0.850364685
391,goldfish,0.375980198,rock_beauty,0.486532301,goldfish,0.479739249,goldfish,0.433019966
392,coral_reef,0.215919256,rock_beauty,0.338578463,rock_beauty,0.137081549,coral_reef,0.229767561
393,goldfish,0.713316381,goldfish,0.473773271,puffer,0.297960877,goldfish,0.752266705
394,goldfish,0.742456198,goldfish,0.602768898,goldfish,0.589005947,goldfish,0.709245622
395,goldfish,0.514612198,eel,0.2453174,goldfish,0.509329617,goldfish,0.410276502
396,goldfish,0.699659169,rock_beauty,0.680469871,goldfish,0.702644408,goldfish,0.601037681
397,goldfish,0.916192293,goldfish,0.26709798,goldfish,0.365890205,goldfish,0.931821942
398,puffer,0.942046106,electric_ray,0.497510731,puffer,0.955211461,puffer,0.943996608
399,goldfish,0.441998541,rock_beauty,0.772060871,rock_beauty,0.402743787,goldfish,0.408313125
400,puffer,0.919500351,electric_ray,0.421686918,puffer,0.955380976,puffer,0.907852888
401,rock_beauty,0.235469729,rock_beauty,0.361302167,goldfish,0.376527935,goldfish,0.217464238
402,goldfish,0.673204362,goldfish,0.441214144,goldfish,0.70181179,goldfish,0.705031753
403,eel,0.261699736,eel,0.457176089,eel,0.244911656,puffer,0.21219328
404,puffer,0.28497988,puffer,0.167425767,puffer,0.192431912,puffer,0.303270459
405,puffer,0.861907899,sea_slug,0.34815681,puffer,0.812888861,puffer,0.84283942
406,rock_beauty,0.630272686,rock_beauty,0.896687448,rock_beauty,0.525735736,rock_beauty,0.685396135
407,puffer,0.625928044,rock_beauty,0.122194082,puffer,0.910030842,puffer,0.802426338
408,puffer,0.632800102,rock_beauty,0.633849084,puffer,0.485942751,puffer,0.616996408
409,puffer,0.487559348,puffer,0.564682961,puffer,0.755163252,puffer,0.532377422
410,barracouta,0.349256843,ocarina,0.095172368,coho,0.260261655,electric_ray,0.323966324
411,puffer,0.492189139,eel,0.930880487,sea_slug,0.404242635,puffer,0.267670125
412,goldfish,0.458317101,puffer,0.285201877,goldfish,0.635003626,goldfish,0.484418988
413,barracouta,0.461239994,strainer,0.080827355,coho,0.375701666,barracouta,0.538503289
414,rock_beauty,0.373913556,rock_beauty,0.694258273,rock_beauty,0.331889212,rock_beauty,0.398056626
415,rock_beauty,0.66908133,puffer,0.462519646,rock_beauty,0.454094231,rock_beauty,0.661628246
416,puffer,0.650445104,puffer,0.305409759,puffer,0.510325789,puffer,0.679784656
417,goldfish,0.40527907,puffer,0.63933748,goldfish,0.308475554,goldfish,0.352114499
418,puffer,0.601228416,rock_beauty,0.156029865,puffer,0.647600353,puffer,0.560630322
419,rock_beauty,0.256047428,conch,0.203405693,rock_beauty,0.063584745,rock_beauty,0.184746519
420,goldfish,0.361494631,goldfish,0.085002765,goldfish,0.392120421,goldfish,0.377337486
421,goldfish,0.624985695,puffer,0.251987278,goldfish,0.363572478,goldfish,0.586915791
422,rock_beauty,0.42767024,goldfish,0.46304661,rock_beauty,0.451491743,rock_beauty,0.500616252
423,rock_beauty,0.630960882,rock_beauty,0.554496169,rock_beauty,0.865562439,rock_beauty,0.644290686
424,rock_beauty,0.730446637,rock_beauty,0.63193357,rock_beauty,0.526160002,rock_beauty,0.595687687
425,goldfish,0.632699788,conch,0.335675418,goldfish,0.397100836,goldfish,0.375437528
426,rock_beauty,0.204461619,bassinet,0.084241286,puffer,0.318760097,rock_beauty,0.280505598
427,rock_beauty,0.839466333,goldfish,0.583729267,rock_beauty,0.530938864,rock_beauty,0.788614511
428,rock_beauty,0.971660554,rock_beauty,0.589592814,rock_beauty,0.860649407,rock_beauty,0.97287184
429,rock_beauty,0.959391117,rock_beauty,0.936664164,rock_beauty,0.821258843,rock_beauty,0.936911166
430,spotted_salamander,0.384729981,spotted_salamander,0.161209345,sea_slug,0.342824966,spotted_salamander,0.352163792
431,rock_beauty,0.700451076,goldfish,0.612241685,rock_beauty,0.601277888,goldfish,0.534668386
432,spotted_salamander,0.737246037,spotted_salamander,0.543482363,spotted_salamander,0.728634894,spotted_salamander,0.761177301
433,rock_beauty,0.922042608,rock_beauty,0.750957608,rock_beauty,0.920044541,rock_beauty,0.930593491
434,rock_beauty,0.322773546,rock_beauty,0.263086766,puffer,0.188223973,rock_beauty,0.174904659
435,spotted_salamander,0.201446116,platypus,0.050034128,European_fire_salamander,0.184174404,spotted_salamander,0.210857376
436,rock_beauty,0.444024384,goldfish,0.344109982,goldfish,0.541544259,goldfish,0.407562375
437,European_fire_salamander,0.09077511,admiral,0.216292754,European_fire_salamander,0.063485757,European_fire_salamander,0.103069752
438,rock_beauty,0.949233472,rock_beauty,0.966466129,rock_beauty,0.591922462,rock_beauty,0.808788419
439,rock_beauty,0.884575367,rock_beauty,0.668979943,rock_beauty,0.762218177,rock_beauty,0.904305875
440,rock_beauty,0.245760694,rock_beauty,0.200142249,rock_beauty,0.213788837,rock_beauty,0.308051229
441,goldfish,0.617254257,goldfish,0.868456125,goldfish,0.610908091,goldfish,0.620760918
442,rock_beauty,0.852820039,rock_beauty,0.902547657,rock_beauty,0.724358439,rock_beauty,0.856385529
443,rock_beauty,0.962174773,rock_beauty,0.968042016,rock_beauty,0.95439738,rock_beauty,0.951177239
444,puffer,0.295015126,puffer,0.375175029,goldfish,0.368763894,goldfish,0.241491914
445,rock_beauty,0.553020835,rock_beauty,0.785142064,rock_beauty,0.482817918,rock_beauty,0.591272414
446,goldfish,0.694384277,goldfish,0.358242452,goldfish,0.822452307,goldfish,0.693940163
447,goldfish,0.647830129,isopod,0.146346286,goldfish,0.679389834,goldfish,0.593704045
448,goldfish,0.391316533,electric_ray,0.088754289,goldfish,0.265280515,goldfish,0.421440125
449,rock_beauty,0.951251984,rock_beauty,0.947427332,rock_beauty,0.659180641,rock_beauty,0.920039594
450,rock_beauty,0.981081545,rock_beauty,0.970075667,rock_beauty,0.97361809,rock_beauty,0.972711802
451,rock_beauty,0.353615433,barracouta,0.09328793,rock_beauty,0.250035167,rock_beauty,0.463237971
452,rock_beauty,0.503866494,goldfish,0.458457261,rock_beauty,0.520152211,rock_beauty,0.54096359
453,goldfish,0.856705487,goldfish,0.197518945,goldfish,0.355399638,goldfish,0.875767589
454,goldfish,0.578209162,goldfish,0.653999805,goldfish,0.337451339,goldfish,0.685037196
455,goldfish,0.599747717,puffer,0.112793878,goldfish,0.586503625,goldfish,0.630286276
456,puffer,0.628944695,conch,0.190778345,puffer,0.640228868,puffer,0.651857853
457,goldfish,0.326774836,goldfish,0.234896958,goldfish,0.392248958,goldfish,0.358182251
458,puffer,0.375800669,puffer,0.239777938,puffer,0.473216891,puffer,0.539059699
459,goldfish,0.773424327,goldfish,0.601284802,goldfish,0.711120009,goldfish,0.668170631
460,goldfish,0.348313361,conch,0.427601099,rock_beauty,0.345721364,goldfish,0.301334202
461,electric_ray,0.872410953,electric_ray,0.577422023,electric_ray,0.843318343,electric_ray,0.851157904
462,puffer,0.813410342,jellyfish,0.369993597,puffer,0.936380446,puffer,0.874306023
463,stingray,0.251207262,sea_slug,0.262458056,stingray,0.172662094,stingray,0.317227274
464,electric_ray,0.736978054,electric_ray,0.842657804,electric_ray,0.839961052,electric_ray,0.737008393
465,electric_ray,0.308032274,flatworm,0.326319784,electric_ray,0.404562831,electric_ray,0.401943475
466,puffer,0.681507885,coil,0.209194705,electric_ray,0.459314913,electric_ray,0.475693256
467,broccoli,0.424344301,broccoli,0.97425431,broccoli,0.330986649,broccoli,0.257629186
468,jellyfish,0.219318524,jellyfish,0.413174778,jellyfish,0.745912373,jellyfish,0.395683646
469,electric_ray,0.482435912,electric_ray,0.517514527,electric_ray,0.683566928,electric_ray,0.450863183
470,sea_urchin,0.372356236,sea_urchin,0.645032942,sea_urchin,0.329951346,sea_urchin,0.445984781
471,electric_ray,0.646075666,electric_ray,0.449346125,electric_ray,0.695822835,electric_ray,0.652838528
472,electric_ray,0.627754331,electric_ray,0.705856979,puffer,0.450062543,electric_ray,0.540644646
473,electric_ray,0.482306361,electric_ray,0.689307392,electric_ray,0.663144171,electric_ray,0.589300036
474,hair_slide,0.096122578,analog_clock,0.124141522,nematode,0.157520145,shower_cap,0.13398616
475,electric_ray,0.479931802,electric_ray,0.800166965,electric_ray,0.424618512,electric_ray,0.446550667
476,electric_ray,0.38513869,ant,0.175273851,electric_ray,0.694924235,electric_ray,0.465759665
477,strainer,0.278453916,sundial,0.289846987,strainer,0.251360655,strainer,0.07945627
478,electric_ray,0.562353075,electric_ray,0.750647306,electric_ray,0.732568979,electric_ray,0.770692647
479,hair_slide,0.25536257,sundial,0.315868914,hair_slide,0.166496038,hair_slide,0.29628095
480,electric_ray,0.226297438,electric_ray,0.26814568,chiton,0.2816872,chiton,0.368984044
481,hair_slide,0.240208358,sea_urchin,0.229648486,sea_urchin,0.48987633,sea_urchin,0.092966117
482,puffer,0.761647701,jellyfish,0.426836789,puffer,0.719804883,puffer,0.743470907
483,puffer,0.929271162,African_chameleon,0.047671173,puffer,0.961057186,puffer,0.925476491
484,puffer,0.906371117,electric_ray,0.527417719,puffer,0.854748011,puffer,0.760927916
485,nematode,0.185636327,sundial,0.209502771,hair_slide,0.156515956,hair_slide,0.254731834
486,jellyfish,0.134508982,sea_urchin,0.135987684,jellyfish,0.20645909,electric_ray,0.262332439
487,jellyfish,0.313047826,flatworm,0.323630929,jellyfish,0.593423665,jellyfish,0.695209205
488,electric_ray,0.713939726,electric_ray,0.283843935,electric_ray,0.420942754,electric_ray,0.57965529
489,puffer,0.120699093,horned_viper,0.115064994,puffer,0.267913908,puffer,0.180294141
490,puffer,0.522918105,electric_ray,0.634038866,puffer,0.720808923,puffer,0.685256958
491,electric_ray,0.863880157,electric_ray,0.891801536,electric_ray,0.306119084,electric_ray,0.799816191
492,electric_ray,0.724729121,electric_ray,0.742844164,electric_ray,0.55834198,electric_ray,0.536898136
493,electric_ray,0.435727537,electric_ray,0.769295156,electric_ray,0.50930959,electric_ray,0.428888768
494,puffer,0.533145845,electric_ray,0.28636837,puffer,0.814761758,puffer,0.743758142
495,electric_ray,0.387627274,flatworm,0.090209715,electric_ray,0.376523703,electric_ray,0.189288661
496,lionfish,0.738055825,electric_ray,0.395466626,lionfish,0.86098963,lionfish,0.760732174
497,puffer,0.866283536,electric_ray,0.432764709,puffer,0.724014938,puffer,0.927231014
498,buckeye,0.258358479,sea_slug,0.114836968,buckeye,0.332988113,buckeye,0.326339126
499,electric_ray,0.406967908,electric_ray,0.353492409,electric_ray,0.560152769,electric_ray,0.54577589
500,electric_ray,0.497552752,electric_ray,0.738269925,electric_ray,0.337262928,electric_ray,0.403392136
501,puffer,0.596873045,puffer,0.955932081,puffer,0.610757113,puffer,0.614408493
502,hermit_crab,0.847308636,hermit_crab,0.445754111,rock_crab,0.408832163,hermit_crab,0.88330549
503,isopod,0.465860218,electric_ray,0.16848214,isopod,0.489446461,isopod,0.717147231
504,African_chameleon,0.134836182,jackfruit,0.14895235,electric_ray,0.138740242,African_chameleon,0.153889
505,electric_ray,0.465407908,jackfruit,0.957759976,electric_ray,0.606010437,electric_ray,0.434198409
506,strainer,0.16753079,iron,0.280195326,nematode,0.236752316,strainer,0.137012646
507,electric_ray,0.872439861,flatworm,0.401796281,electric_ray,0.435780078,electric_ray,0.809897184
508,rock_beauty,0.793008149,puffer,0.396868646,goldfish,0.57662195,rock_beauty,0.50161469
509,goldfish,0.703896165,goldfish,0.793860376,goldfish,0.710265517,rock_beauty,0.443171263
510,rock_beauty,0.61730808,puffer,0.23066254,goldfish,0.574936569,rock_beauty,0.443887353
511,goldfish,0.646371722,goldfish,0.169087082,puffer,0.616623044,goldfish,0.359452695
512,rock_beauty,0.743098497,puffer,0.349081665,puffer,0.414390415,rock_beauty,0.561197698
513,rock_beauty,0.390701175,goldfish,0.347246349,rock_beauty,0.439497977,rock_beauty,0.349555105
514,puffer,0.801226258,puffer,0.614821494,puffer,0.600926995,puffer,0.766503572
515,rock_beauty,0.855540752,electric_ray,0.304029554,electric_ray,0.709874928,rock_beauty,0.509738386
516,rock_beauty,0.95255661,rock_beauty,0.765055716,puffer,0.557600737,rock_beauty,0.887948275
517,rock_beauty,0.899684966,dugong,0.295094103,puffer,0.401655734,rock_beauty,0.899845481
518,electric_ray,0.493316412,electric_ray,0.916773915,puffer,0.388207138,electric_ray,0.695796609
519,rock_beauty,0.8005808,rock_beauty,0.090502918,rock_beauty,0.831853688,rock_beauty,0.808944583
520,rock_beauty,0.605259657,coral_reef,0.228582591,puffer,0.258265644,rock_beauty,0.664586186
521,rock_beauty,0.296309203,coral_reef,0.167242497,puffer,0.857154429,puffer,0.361667097
522,electric_ray,0.533613265,ocarina,0.590972781,electric_ray,0.820393741,electric_ray,0.420295537
523,rock_beauty,0.931167543,rock_beauty,0.893618405,puffer,0.859646261,rock_beauty,0.804287016
524,rock_beauty,0.686273158,rock_beauty,0.637686193,puffer,0.821775734,rock_beauty,0.376831055
525,rock_beauty,0.781147122,rock_beauty,0.589572608,puffer,0.52432996,rock_beauty,0.636936486
526,rock_beauty,0.316183507,electric_ray,0.184464931,puffer,0.26796931,rock_beauty,0.462231457
527,rock_beauty,0.817301989,rock_beauty,0.885772109,rock_beauty,0.602638125,rock_beauty,0.839524388
528,rock_beauty,0.89755255,rock_beauty,0.703605473,puffer,0.347043544,rock_beauty,0.706612706
529,rock_beauty,0.609827757,rock_beauty,0.887750089,puffer,0.249321252,rock_beauty,0.475885987
530,electric_ray,0.866297483,electric_ray,0.927170217,electric_ray,0.533610344,electric_ray,0.671732008
531,bow_tie,0.275579453,electric_ray,0.111295544,bow_tie,0.185468227,bow_tie,0.302993089
532,rock_beauty,0.474657983,coral_reef,0.293412417,rock_beauty,0.33144486,rock_beauty,0.369815022
533,rock_beauty,0.379443586,electric_ray,0.518949509,electric_ray,0.447255135,rock_beauty,0.316946775
534,electric_ray,0.52639538,electric_ray,0.38392815,electric_ray,0.627092779,electric_ray,0.328297704
535,electric_ray,0.744324148,electric_ray,0.908569038,electric_ray,0.446457505,electric_ray,0.696184874
536,puffer,0.974933863,puffer,0.264836669,puffer,0.955671668,puffer,0.973679245
537,bow_tie,0.727352321,coffeepot,0.319515467,bow_tie,0.524518073,bow_tie,0.930383384
538,puffer,0.972883582,electric_ray,0.228002131,puffer,0.955462933,puffer,0.966333985
539,puffer,0.703943789,electric_ray,0.411568254,puffer,0.666175663,puffer,0.727091491
540,puffer,0.968403816,electric_ray,0.544178605,puffer,0.951528966,puffer,0.981988013
541,electric_ray,0.609895945,electric_ray,0.330074877,electric_ray,0.319525033,electric_ray,0.513745904
542,puffer,0.145126373,electric_ray,0.437983185,electric_ray,0.138205305,electric_ray,0.169413075
543,electric_ray,0.823245585,electric_ray,0.900401533,electric_ray,0.365939587,electric_ray,0.655049264
544,puffer,0.637978435,electric_ray,0.899471998,puffer,0.816002786,puffer,0.816430807
545,electric_ray,0.592593193,electric_ray,0.898764253,electric_ray,0.471842468,electric_ray,0.549335778
546,puffer,0.902978718,puffer,0.901965737,puffer,0.847429812,puffer,0.893169403
547,electric_ray,0.588029504,electric_ray,0.278753161,electric_ray,0.429498941,electric_ray,0.618652463
548,puffer,0.471712679,electric_ray,0.354300231,electric_ray,0.489391059,puffer,0.619965017
549,puffer,0.907522619,stingray,0.272030801,puffer,0.671330035,puffer,0.953092039
550,puffer,0.839910865,brain_coral,0.489769638,puffer,0.85900712,puffer,0.785479724
551,puffer,0.546575308,puffer,0.439082175,puffer,0.380496293,puffer,0.437167555
552,electric_ray,0.664068937,electric_ray,0.234791994,electric_ray,0.370252609,puffer,0.489404976
553,electric_ray,0.348460019,electric_ray,0.142334178,electric_ray,0.627637625,puffer,0.436006725
554,puffer,0.616488934,electric_ray,0.259253651,puffer,0.57174474,puffer,0.778630435
555,electric_ray,0.572252035,electric_ray,0.143762454,puffer,0.482211113,electric_ray,0.383494854
556,electric_ray,0.425193399,eel,0.346139878,electric_ray,0.708259881,electric_ray,0.482944161
557,electric_ray,0.591869175,electric_ray,0.223485574,electric_ray,0.416435689,puffer,0.380951107
558,puffer,0.810217559,electric_ray,0.10206756,puffer,0.428824484,puffer,0.496245474
559,electric_ray,0.304778695,coral_reef,0.715726137,electric_ray,0.345777422,electric_ray,0.472233564
560,puffer,0.611543477,puffer,0.896564603,puffer,0.332079589,puffer,0.365355283
561,puffer,0.958467722,puffer,0.81379354,puffer,0.946929514,puffer,0.937651455
562,puffer,0.926278651,puffer,0.833988905,puffer,0.932673156,puffer,0.912165642
563,puffer,0.464064956,electric_ray,0.307030618,puffer,0.569348633,puffer,0.463622332
564,puffer,0.448690116,eel,0.650865436,electric_ray,0.61130321,electric_ray,0.644482315
565,puffer,0.652047873,electric_ray,0.367897391,puffer,0.462837875,puffer,0.542252302
566,puffer,0.28525719,barracouta,0.228139549,puffer,0.138234735,rock_beauty,0.195451587
567,puffer,0.750621736,puffer,0.329522699,puffer,0.7485044,puffer,0.84460932
568,electric_ray,0.482011944,electric_ray,0.670199931,electric_ray,0.458651066,electric_ray,0.475470155
569,electric_ray,0.393848568,electric_ray,0.510931551,electric_ray,0.765171349,electric_ray,0.753708005
570,puffer,0.697415233,puffer,0.283933103,puffer,0.794152796,puffer,0.773723185
571,coral_reef,0.304995149,rock_beauty,0.594223142,coral_reef,0.322697759,coral_reef,0.285841018
572,puffer,0.487784684,rock_beauty,0.226171583,electric_ray,0.467004687,electric_ray,0.408989638
573,electric_ray,0.760618985,electric_ray,0.68816185,electric_ray,0.642503679,electric_ray,0.834023654
574,electric_ray,0.688086629,strainer,0.699172497,electric_ray,0.43695274,electric_ray,0.526625752
575,rock_beauty,0.437450826,rock_beauty,0.467237473,rock_beauty,0.33419171,rock_beauty,0.434275329
576,goldfish,0.459821731,goldfish,0.081344649,electric_ray,0.249241337,goldfish,0.550245643
577,goldfish,0.905734718,goldfish,0.4157857,goldfish,0.87582016,goldfish,0.893885732
578,goldfish,0.842950225,goldfish,0.426168203,goldfish,0.449598879,goldfish,0.79736352
579,goldfish,0.902788222,goldfish,0.913225055,goldfish,0.88103348,goldfish,0.872309983
580,goldfish,0.953779817,goldfish,0.884650111,goldfish,0.952053905,goldfish,0.946408272
581,goldfish,0.922661424,goldfish,0.788346469,goldfish,0.883592606,goldfish,0.901005685
582,goldfish,0.918062627,goldfish,0.677552879,goldfish,0.798454285,goldfish,0.900698721
583,electric_ray,0.107715487,quill,0.226503357,electric_ray,0.225872129,electric_ray,0.293797582
584,puffer,0.294278294,electric_ray,0.675728321,electric_ray,0.11443828,puffer,0.284989864
585,rock_beauty,0.390155554,gasmask,0.639172852,electric_ray,0.247293264,electric_ray,0.216128647
586,ocarina,0.314638019,ocarina,0.096726015,tray,0.139341682,piggy_bank,0.291602552
587,coho,0.225224182,electric_ray,0.287369251,barracouta,0.194054395,coho,0.236382395
588,electric_ray,0.814493537,electric_ray,0.841112852,electric_ray,0.855038404,electric_ray,0.793540299
589,electric_ray,0.446924239,stingray,0.528603077,electric_ray,0.598569512,barracouta,0.347049594
590,barracouta,0.564557433,barracouta,0.378470719,barracouta,0.530209601,barracouta,0.448806673
591,barracouta,0.461063564,electric_ray,0.262503505,barracouta,0.470797002,barracouta,0.454087347
592,barracouta,0.488893569,barracouta,0.587275267,coho,0.378660321,coho,0.400250256
593,barracouta,0.202589571,electric_ray,0.190651566,goldfish,0.406723201,barracouta,0.197080806
594,barracouta,0.847761095,quill,0.078347623,barracouta,0.416550457,barracouta,0.668158412
595,barracouta,0.234975934,barracouta,0.152781919,barracouta,0.144410998,barracouta,0.200299352
596,barracouta,0.795926809,electric_ray,0.188565254,barracouta,0.192754552,barracouta,0.621622562
597,barracouta,0.201178268,barracouta,0.184857428,coho,0.248888329,coho,0.300919175
598,rock_beauty,0.04720578,bassinet,0.287143588,strainer,0.032851234,strainer,0.037066218
599,barracouta,0.633049607,barracouta,0.532566965,barracouta,0.526049912,barracouta,0.635599852
600,barracouta,0.620569408,coho,0.720259368,barracouta,0.559506655,barracouta,0.569683194
601,barracouta,0.137314528,quill,0.219014585,electric_ray,0.248957857,barracouta,0.254666209
602,barracouta,0.133488804,slug,0.243233025,electric_ray,0.32922855,electric_ray,0.268623471
603,tiger_shark,0.131576031,conch,0.104277879,tiger_shark,0.170741394,conch,0.185435832
604,electric_ray,0.244037628,electric_ray,0.50445056,electric_ray,0.195626333,electric_ray,0.157990381
605,tiger_shark,0.168753982,electric_ray,0.169376537,tiger_shark,0.114905916,tiger_shark,0.154220626
606,coral_reef,0.19308576,leatherback_turtle,0.151639298,coho,0.423763603,coral_reef,0.18429251
607,puffer,0.567983985,electric_ray,0.570842803,tiger_shark,0.11247126,tiger_shark,0.340989321
608,rock_beauty,0.161645591,electric_ray,0.358188182,puffer,0.073234551,barracouta,0.145841613
609,barracouta,0.466620773,electric_ray,0.091608278,barracouta,0.885065854,barracouta,0.885615528
610,barracouta,0.293337017,barracouta,0.152571321,barracouta,0.391243786,barracouta,0.36134997
611,barracouta,0.495199442,electric_ray,0.398801506,barracouta,0.313725948,barracouta,0.549955845
612,barracouta,0.812312663,electric_ray,0.31547451,barracouta,0.556175172,barracouta,0.662330985
613,barracouta,0.392171144,electric_ray,0.195664003,barracouta,0.232047573,barracouta,0.396831751
614,barracouta,0.588512778,barracouta,0.566946566,barracouta,0.452823013,barracouta,0.574572384
615,coho,0.414740056,coho,0.397145748,barracouta,0.462810308,coho,0.453574151
616,rock_beauty,0.100603253,tray,0.068387456,tray,0.218822077,tray,0.140287966
617,barracouta,0.814790189,barracouta,0.312980205,barracouta,0.682460368,barracouta,0.753439188
618,barracouta,0.779489934,barracouta,0.398490489,barracouta,0.736776352,barracouta,0.795311928
619,electric_ray,0.239128977,electric_ray,0.267142981,electric_ray,0.46827054,electric_ray,0.220392287
620,hammerhead,0.234994471,tiger_shark,0.538374603,hammerhead,0.333001375,hammerhead,0.227035075
621,barracouta,0.851603508,barracouta,0.452737421,barracouta,0.691855192,barracouta,0.802657545
622,electric_ray,0.139764145,quill,0.155553222,coho,0.085589007,electric_ray,0.383924484
623,coho,0.44749549,rock_beauty,0.197293118,rock_beauty,0.235919625,coho,0.469887316
624,coho,0.246717259,barracouta,0.184333876,barracouta,0.284499288,coho,0.270629466
625,barracouta,0.374907345,barracouta,0.380937964,rock_beauty,0.197184443,barracouta,0.327290595
626,rock_beauty,0.291055858,electric_ray,0.347093314,goldfish,0.261361599,goldfish,0.339042276
627,goldfish,0.744445622,goldfish,0.251733422,goldfish,0.805762827,goldfish,0.7477898
628,barracouta,0.159380212,quill,0.169551522,barracouta,0.356089979,barracouta,0.281527102
629,rock_beauty,0.399561286,rock_beauty,0.617252111,electric_ray,0.575574636,rock_beauty,0.379540414
630,electric_ray,0.25773412,electric_ray,0.105473511,loggerhead,0.309641302,electric_ray,0.371301711
631,barracouta,0.165923953,barracouta,0.130871147,hammerhead,0.179247305,barracouta,0.192328438
632,hammerhead,0.215707421,hammerhead,0.131221771,loggerhead,0.138784364,electric_ray,0.237870127
633,electric_ray,0.276811868,barracouta,0.251035571,electric_ray,0.207249552,electric_ray,0.292158961
634,great_white_shark,0.317560971,great_white_shark,0.640100837,tiger_shark,0.485271782,great_white_shark,0.393037081
635,barracouta,0.403135836,barracouta,0.812544227,tiger_shark,0.224424496,hammerhead,0.205904201
636,rock_beauty,0.415356129,barracouta,0.473875105,rock_beauty,0.407354116,barracouta,0.272488594
637,barracouta,0.417372078,barracouta,0.29133901,handkerchief,0.553326249,barracouta,0.330736816
638,electric_ray,0.149582595,electric_ray,0.16843909,electric_ray,0.609256983,electric_ray,0.142901644
639,barracouta,0.455004364,barracouta,0.305268079,barracouta,0.390217602,barracouta,0.381247938
640,hammerhead,0.157922447,tiger_shark,0.111920297,loggerhead,0.166595012,electric_ray,0.167571336
641,barracouta,0.915495932,barracouta,0.245866731,barracouta,0.861351132,barracouta,0.91652745
642,barracouta,0.986510813,barracouta,0.903654337,barracouta,0.726769865,barracouta,0.93932265
643,coho,0.159148782,leatherback_turtle,0.108227834,coho,0.338581055,coho,0.51945138
644,barracouta,0.450310439,electric_ray,0.64767015,barracouta,0.475134879,barracouta,0.471176982
645,gasmask,0.663653553,gasmask,0.146561041,tray,0.104498416,gasmask,0.287304491
646,barracouta,0.841212571,barracouta,0.573453605,barracouta,0.466979504,barracouta,0.828224003
647,electric_ray,0.226655692,electric_ray,0.404642493,electric_ray,0.803207755,electric_ray,0.235490933
648,rock_beauty,0.15784207,eel,0.301107228,rock_beauty,0.224083975,rock_beauty,0.180424795
649,barracouta,0.746613085,barracouta,0.346541882,barracouta,0.506146729,barracouta,0.621471465
650,barracouta,0.350480765,electric_ray,0.41367352,goldfish,0.190433532,barracouta,0.304512471
651,hammerhead,0.226809219,tiger_shark,0.225731522,electric_ray,0.201592937,hammerhead,0.179866806
652,hammerhead,0.233530238,tiger_shark,0.147872955,electric_ray,0.203013331,hammerhead,0.246348992
653,barracouta,0.27450037,barracouta,0.419940174,barracouta,0.234868377,barracouta,0.35892275
654,barracouta,0.783262253,electric_ray,0.270568103,barracouta,0.638793707,barracouta,0.474096209
655,coho,0.16978009,tiger_shark,0.20557417,hammerhead,0.149251446,coho,0.152507097
656,tiger_shark,0.245190769,electric_ray,0.302183419,tiger_shark,0.546722889,tiger_shark,0.214415967
657,tiger_shark,0.238419071,electric_ray,0.718712568,electric_ray,0.490612298,tiger_shark,0.229085431
658,barracouta,0.894474745,electric_ray,0.123369068,barracouta,0.67891258,barracouta,0.875749588
659,barracouta,0.721119225,coho,0.637200534,coho,0.717621088,barracouta,0.558825314
660,barracouta,0.67991817,electric_ray,0.216463029,barracouta,0.85489285,barracouta,0.702827752
661,barracouta,0.246190116,frilled_lizard,0.089347154,barracouta,0.199378148,barracouta,0.335795671
662,barracouta,0.217127278,cowboy_hat,0.122049831,coho,0.168700233,coho,0.163596183
663,barracouta,0.469624907,barracouta,0.500465333,barracouta,0.353788406,barracouta,0.46944508
664,barracouta,0.522257745,barracouta,0.20321466,electric_ray,0.43738237,electric_ray,0.590349615
665,barracouta,0.055234689,electric_ray,0.223287776,tench,0.068171971,electric_ray,0.348961562
666,great_white_shark,0.235012665,electric_ray,0.315403938,hammerhead,0.240656808,great_white_shark,0.225451753
667,tiger_shark,0.140758976,eel,0.315517187,tiger_shark,0.446953386,tiger_shark,0.17534256
668,rock_beauty,0.388936788,electric_ray,0.103582449,goldfish,0.135701373,rock_beauty,0.360252172
669,rock_beauty,0.876508534,barracouta,0.400693178,goldfish,0.402384549,rock_beauty,0.749250531
670,barracouta,0.813758969,barracouta,0.825957298,barracouta,0.950110674,barracouta,0.846294582
671,barracouta,0.727595329,barracouta,0.416091263,barracouta,0.655399263,barracouta,0.692890108
672,tiger_shark,0.243607223,tiger_shark,0.295467913,tiger_shark,0.366309196,tiger_shark,0.360613674
673,puffer,0.354558438,electric_ray,0.330659151,puffer,0.433217108,puffer,0.21339108
674,rock_beauty,0.288501382,rock_beauty,0.404640436,puffer,0.249053761,rock_beauty,0.370567262
675,rock_beauty,0.487074822,tiger_shark,0.499849796,rock_beauty,0.216811925,tiger_shark,0.378736824
676,goldfish,0.272475243,electric_ray,0.458149523,electric_ray,0.369053304,goldfish,0.242346302
677,electric_ray,0.857771993,electric_ray,0.487548381,electric_ray,0.86344713,electric_ray,0.832410097
678,electric_ray,0.255647957,eel,0.521452904,electric_ray,0.278645754,electric_ray,0.306989819
679,barracouta,0.35753715,barracouta,0.625741899,barracouta,0.177679092,barracouta,0.29794994
680,goldfish,0.430164039,barracouta,0.444408715,goldfish,0.620157599,goldfish,0.500400662
681,barracouta,0.761876822,electric_ray,0.499421149,barracouta,0.781015754,barracouta,0.718599379
682,tench,0.24603492,coho,0.228951976,electric_ray,0.177396074,tench,0.180785447
683,rock_beauty,0.383421272,electric_ray,0.83222574,rock_beauty,0.361163557,rock_beauty,0.336828649
684,eel,0.466613352,electric_ray,0.425840586,electric_ray,0.312657923,eel,0.423216611
685,puffer,0.422351211,rock_beauty,0.361686677,puffer,0.429648548,puffer,0.512552857
686,electric_ray,0.556329787,barracouta,0.316869915,coho,0.339714855,electric_ray,0.295175225
687,electric_ray,0.178985581,tiger_shark,0.480086774,tiger_shark,0.250984132,electric_ray,0.163069859
688,barracouta,0.759190023,electric_ray,0.31590274,barracouta,0.327707171,barracouta,0.639900863
689,rock_beauty,0.198833555,tiger_shark,0.330679536,rock_beauty,0.22177586,rock_beauty,0.238845706
690,tiger_shark,0.307909071,tiger_shark,0.2444271,electric_ray,0.176194727,tiger_shark,0.221281752
691,barracouta,0.307476342,bonnet,0.10968031,barracouta,0.288836718,electric_ray,0.369788766
692,tench,0.47707808,electric_ray,0.187385842,rock_beauty,0.155667827,tench,0.637312889
693,coho,0.16771391,eel,0.423036247,rock_beauty,0.149933979,tench,0.18257454
694,rock_beauty,0.479787856,electric_ray,0.260224849,electric_ray,0.29224503,rock_beauty,0.395254642
695,coho,0.228129297,coho,0.243974522,coho,0.607085824,coho,0.311655939
696,barracouta,0.788778186,barracouta,0.668500364,barracouta,0.300651222,barracouta,0.73690474
697,goldfish,0.27583167,barracouta,0.333744645,goldfish,0.361266792,barracouta,0.379278213
698,rock_beauty,0.330530971,electric_ray,0.064655431,goldfish,0.142356709,goldfish,0.304604858
699,barracouta,0.698952436,barracouta,0.504796028,hammerhead,0.224244595,barracouta,0.762284517
700,barracouta,0.366226375,barracouta,0.258039832,goldfish,0.513761103,barracouta,0.284179211
701,coho,0.156687602,hammerhead,0.284521133,coho,0.1820568,barracouta,0.192571878
702,barracouta,0.509470463,electric_ray,0.371248126,coho,0.48344177,coho,0.635760009
703,barracouta,0.709912062,barracouta,0.559582055,barracouta,0.213538677,barracouta,0.688206553
704,barracouta,0.270152867,electric_ray,0.248162001,barracouta,0.249107316,barracouta,0.287863344
705,goldfish,0.63155818,hourglass,0.148710594,goldfish,0.211778328,goldfish,0.711692154
706,barracouta,0.644082367,barracouta,0.245395511,barracouta,0.662884831,barracouta,0.739086926
707,barracouta,0.51375705,barracouta,0.844720304,coho,0.714198649,coho,0.40458712
708,barracouta,0.624581575,barracouta,0.801711798,barracouta,0.598052084,barracouta,0.714892864
709,tiger_shark,0.367946088,coho,0.843500793,tiger_shark,0.521482229,tiger_shark,0.584939182
710,hammerhead,0.752959847,tiger_shark,0.306303233,hammerhead,0.819265425,hammerhead,0.602847397
711,tiger_shark,0.327416748,hammerhead,0.543546617,hammerhead,0.461068213,tiger_shark,0.390668422
712,hammerhead,0.291680783,barracouta,0.220436752,hammerhead,0.231555596,hammerhead,0.285750508
713,tiger_shark,0.293677777,coho,0.284654409,hammerhead,0.522790074,tiger_shark,0.318713307
714,tiger_shark,0.247144058,coho,0.368914813,hammerhead,0.354101866,hammerhead,0.31021136
715,hammerhead,0.752903223,coho,0.572373271,hammerhead,0.724470854,hammerhead,0.792506516
716,great_white_shark,0.422412008,coho,0.816792548,great_white_shark,0.48191148,great_white_shark,0.370220035
717,tiger_shark,0.640174031,tiger_shark,0.485920727,tiger_shark,0.86496526,tiger_shark,0.659926832
718,hammerhead,0.496253639,coho,0.992679954,hammerhead,0.681314409,hammerhead,0.767075241
719,tiger_shark,0.599079669,tiger_shark,0.47656703,hammerhead,0.728823245,hammerhead,0.479271024
720,hammerhead,0.605989277,tiger_shark,0.877784967,hammerhead,0.681650519,hammerhead,0.698433936
721,tiger_shark,0.429088622,barracouta,0.611478865,tiger_shark,0.286036372,tiger_shark,0.425986111
722,great_white_shark,0.410945654,coho,0.551076889,hammerhead,0.615293324,hammerhead,0.441710323
723,tiger_shark,0.342266619,great_white_shark,0.728164613,hammerhead,0.896834731,hammerhead,0.584471703
724,hammerhead,0.812441349,hammerhead,0.650322497,hammerhead,0.376210481,hammerhead,0.779019833
725,hammerhead,0.814589083,hammerhead,0.243057564,hammerhead,0.802995384,hammerhead,0.793739498
726,hammerhead,0.845682681,tiger_shark,0.786505759,hammerhead,0.819651365,hammerhead,0.788959086
727,hammerhead,0.832782507,tiger_shark,0.843180597,hammerhead,0.727872729,hammerhead,0.856173635
728,hammerhead,0.48365733,coho,0.825600922,hammerhead,0.223862842,hammerhead,0.57894814
729,hammerhead,0.561056852,hammerhead,0.716681302,tiger_shark,0.381589055,tiger_shark,0.400068402
730,hammerhead,0.794919431,hammerhead,0.440859705,hammerhead,0.905731201,hammerhead,0.92900908
731,hammerhead,0.702241182,hammerhead,0.3992531,hammerhead,0.976356387,hammerhead,0.955565333
732,hammerhead,0.967892468,hammerhead,0.589034498,hammerhead,0.935007513,hammerhead,0.95971328
733,barracouta,0.196627602,coho,0.528133512,hammerhead,0.703917265,hammerhead,0.272267461
734,hammerhead,0.421937793,hammerhead,0.193241939,hammerhead,0.763854265,hammerhead,0.692409813
735,hammerhead,0.643588364,barracouta,0.342583358,hammerhead,0.575281084,hammerhead,0.711350083
736,tiger_shark,0.717518866,tiger_shark,0.681962609,tiger_shark,0.566340387,tiger_shark,0.596092939
737,hammerhead,0.580325127,barracouta,0.865957201,hammerhead,0.444299966,hammerhead,0.559364617
738,hammerhead,0.295790225,hammerhead,0.267981946,hammerhead,0.912964761,hammerhead,0.585545599
739,hammerhead,0.46859616,barracouta,0.595038056,hammerhead,0.322646946,hammerhead,0.609180748
740,hammerhead,0.779938042,tiger_shark,0.462380409,hammerhead,0.758811116,hammerhead,0.778365016
741,hammerhead,0.843466103,tiger_shark,0.580992579,hammerhead,0.875476718,hammerhead,0.828378558
742,hammerhead,0.351988554,tiger_shark,0.593089998,tiger_shark,0.297007173,hammerhead,0.379070729
743,great_white_shark,0.223112836,coho,0.612400472,tiger_shark,0.571565688,tiger_shark,0.400971174
744,hammerhead,0.897977352,hammerhead,0.258419245,hammerhead,0.989940584,hammerhead,0.960337102
745,hammerhead,0.5467785,hammerhead,0.305792749,tiger_shark,0.556294858,hammerhead,0.505455852
746,hammerhead,0.897393465,tiger_shark,0.233649537,hammerhead,0.857713163,hammerhead,0.938780963
747,hammerhead,0.952343047,coho,0.663896561,hammerhead,0.841468275,hammerhead,0.968724728
748,hammerhead,0.820705473,hammerhead,0.337849379,hammerhead,0.994669497,hammerhead,0.948788047
749,hammerhead,0.85776639,coho,0.65326035,hammerhead,0.901734412,hammerhead,0.86240977
750,hammerhead,0.76154232,tiger_shark,0.723794878,hammerhead,0.739025891,hammerhead,0.726293504
751,hammerhead,0.750618219,hammerhead,0.502136469,hammerhead,0.890528083,hammerhead,0.936231732
752,hammerhead,0.789796054,tiger_shark,0.866317809,hammerhead,0.857877016,hammerhead,0.796786845
753,tiger_shark,0.693464816,hammerhead,0.445667416,tiger_shark,0.867412567,tiger_shark,0.920409024
754,hammerhead,0.88625133,hammerhead,0.564004362,hammerhead,0.495270401,hammerhead,0.764627039
755,tiger_shark,0.696232796,tiger_shark,0.543848515,tiger_shark,0.3858248,tiger_shark,0.510315299
756,tiger_shark,0.227355182,coho,0.941300869,coho,0.387308568,tiger_shark,0.273082048
757,hammerhead,0.634006858,hammerhead,0.570142627,hammerhead,0.441589504,hammerhead,0.707674563
758,hammerhead,0.456815153,hammerhead,0.590673208,tiger_shark,0.744261146,tiger_shark,0.589655697
759,tiger_shark,0.476976097,hammerhead,0.851729333,hammerhead,0.983766079,hammerhead,0.812639117
760,hammerhead,0.48324737,hammerhead,0.757678211,hammerhead,0.952271044,hammerhead,0.720080376
761,hammerhead,0.511342227,coho,0.903360069,hammerhead,0.901074409,tiger_shark,0.601282418
762,tiger_shark,0.433252037,hammerhead,0.612300217,hammerhead,0.931268394,hammerhead,0.459365278
763,tiger_shark,0.648435593,hammerhead,0.751301706,tiger_shark,0.56269455,tiger_shark,0.66937089
764,hammerhead,0.683513582,tiger_shark,0.573331118,tiger_shark,0.502592325,hammerhead,0.55979526
765,great_white_shark,0.29699403,tiger_shark,0.294187844,tiger_shark,0.352528095,hammerhead,0.292607486
766,hammerhead,0.536794066,coho,0.80105269,hammerhead,0.738168657,hammerhead,0.639107764
767,coho,0.324023962,coho,0.309777707,barracouta,0.250867248,coho,0.329639673
768,hammerhead,0.391412556,tiger_shark,0.330717534,hammerhead,0.650058806,hammerhead,0.379642099
769,hammerhead,0.638530791,tiger_shark,0.498663723,tiger_shark,0.595946968,hammerhead,0.471131474
770,hammerhead,0.788888574,hammerhead,0.539604843,hammerhead,0.817515314,hammerhead,0.797540843
771,hammerhead,0.680906832,hammerhead,0.543481112,hammerhead,0.436267525,hammerhead,0.611284852
772,hammerhead,0.724689066,hammerhead,0.378762186,hammerhead,0.786863863,hammerhead,0.78926158
773,hammerhead,0.816814661,great_white_shark,0.311805367,hammerhead,0.953741133,hammerhead,0.932107627
774,hammerhead,0.494177759,coho,0.244288608,hammerhead,0.724102855,hammerhead,0.46354875
775,hammerhead,0.980733275,hammerhead,0.259594649,hammerhead,0.952601314,hammerhead,0.98090601
776,hammerhead,0.654593945,hammerhead,0.376384348,hammerhead,0.633650422,hammerhead,0.646937549
777,hammerhead,0.69336915,hammerhead,0.491196007,hammerhead,0.961028278,hammerhead,0.895726442
778,great_white_shark,0.389535159,great_white_shark,0.195200905,hammerhead,0.76418525,hammerhead,0.258401692
779,hammerhead,0.701593697,tiger_shark,0.424182296,hammerhead,0.837725997,hammerhead,0.649882078
780,hammerhead,0.613668859,coho,0.676810205,hammerhead,0.929125249,hammerhead,0.474788517
781,hammerhead,0.934279382,hammerhead,0.842024267,hammerhead,0.981801569,hammerhead,0.968156993
782,great_white_shark,0.239673689,coho,0.706539392,tiger_shark,0.281938016,tiger_shark,0.25701648
783,goldfish,0.858523905,barracouta,0.049600117,goldfish,0.603162885,goldfish,0.813927174
784,goldfish,0.926748216,goldfish,0.563825548,goldfish,0.959177434,goldfish,0.951456428
785,rock_beauty,0.344396204,barracouta,0.420486122,barracouta,0.161278605,rock_beauty,0.348640472
786,goldfish,0.910550833,goldfish,0.31148684,goldfish,0.919327915,goldfish,0.896429479
787,rock_beauty,0.417438745,bonnet,0.087548353,barracouta,0.149027601,rock_beauty,0.133807525
788,barracouta,0.115781017,conch,0.15234299,loggerhead,0.145629272,puffer,0.133733228
789,puffer,0.828974962,agama,0.059869684,puffer,0.88319397,puffer,0.786962509
790,electric_ray,0.056784961,trilobite,0.170675784,terrapin,0.056990705,terrapin,0.05958594
791,puffer,0.980951846,African_chameleon,0.224879116,puffer,0.970469594,puffer,0.980636537
792,rule,0.220123291,rule,0.45173052,rule,0.401685923,platypus,0.169776425
793,coho,0.40374577,coho,0.43290022,electric_ray,0.304958612,tiger_shark,0.250350744
794,barracouta,0.422152877,coho,0.94589752,barracouta,0.783342183,barracouta,0.623874724
795,electric_ray,0.107658386,sea_lion,0.14452146,electric_ray,0.203895971,electric_ray,0.164296225
796,eel,0.266768813,eel,0.794124186,electric_ray,0.220133036,eel,0.314685822
797,electric_ray,0.622240543,electric_ray,0.075328849,barracouta,0.236303151,puffer,0.375730813
798,electric_ray,0.177958623,eel,0.381329089,electric_ray,0.236038551,electric_ray,0.219803289
799,electric_ray,0.974227607,electric_ray,0.23832871,electric_ray,0.935007334,electric_ray,0.968269765
800,electric_ray,0.507501602,eel,0.860313475,electric_ray,0.590900898,electric_ray,0.783476472
801,puffer,0.512524307,puffer,0.655216873,puffer,0.463409692,puffer,0.544222176
802,sea_slug,0.370512247,puffer,0.139565349,sea_slug,0.370514005,sea_slug,0.41780439
803,puffer,0.190653637,electric_ray,0.319688767,electric_ray,0.361281753,puffer,0.187622264
804,puffer,0.406558841,puffer,0.442730516,puffer,0.351258636,puffer,0.380966604
805,eel,0.582092464,eel,0.477190107,eel,0.527128339,eel,0.560992539
806,electric_ray,0.244414508,puffer,0.470265538,electric_ray,0.203076884,stingray,0.26485455
807,puffer,0.298303753,puffer,0.325495213,puffer,0.636333406,puffer,0.570544541
808,puffer,0.481366813,puffer,0.674231172,puffer,0.282175064,puffer,0.493263274
809,tench,0.537161589,trilobite,0.10572724,tench,0.510294735,tench,0.598391891
810,tench,0.760938823,puffer,0.11280077,tench,0.656042814,tench,0.824458361
811,barracouta,0.389564216,tench,0.243109748,tench,0.427892476,tench,0.401501179
812,puffer,0.505717397,puffer,0.268855482,puffer,0.550128758,puffer,0.382357746
813,rock_beauty,0.512744129,puffer,0.317795217,rock_beauty,0.522426784,puffer,0.512530446
814,tench,0.354931444,goldfish,0.707905352,tench,0.297880441,tench,0.380208164
815,tench,0.511211932,tench,0.374266058,tench,0.612088501,tench,0.50917846
816,tench,0.760938823,puffer,0.11280077,tench,0.809896529,tench,0.777966201
817,barracouta,0.409116,vulture,0.417084306,barracouta,0.287917584,coho,0.330438644
818,puffer,0.271542341,platypus,0.243998677,puffer,0.439627767,puffer,0.627696693
819,barracouta,0.467762619,trilobite,0.08584591,barracouta,0.656700194,barracouta,0.444616735
820,puffer,0.849009931,puffer,0.195703551,puffer,0.521019459,puffer,0.735397875
821,electric_ray,0.238591909,sea_slug,0.394584,electric_ray,0.262194097,electric_ray,0.276809573
822,puffer,0.571907461,puffer,0.511854053,puffer,0.618307948,puffer,0.763173461
823,barracouta,0.09373606,perfume,0.046499696,barracouta,0.034313511,electric_ray,0.072172076
824,rock_beauty,0.920845032,rock_beauty,0.700150073,rock_beauty,0.92611897,rock_beauty,0.917060256
825,eel,0.354109734,sea_cucumber,0.329186112,eel,0.344117463,eel,0.397577405
826,puffer,0.536857009,eel,0.432997435,puffer,0.579093099,puffer,0.503484011
827,sea_slug,0.246598378,sea_slug,0.327992976,sea_slug,0.194867089,sea_slug,0.205325097
828,goldfish,0.260583758,anemone_fish,0.430699646,goldfish,0.681300461,goldfish,0.522467732
829,puffer,0.38120693,isopod,0.420374393,puffer,0.782742918,puffer,0.7231583
830,puffer,0.394419849,sea_slug,0.502146542,puffer,0.25769645,puffer,0.296908081
831,nematode,0.132547215,strainer,0.430876195,envelope,0.102246583,jellyfish,0.089652456
832,barracouta,0.628544211,chiton,0.091792785,barracouta,0.486100823,barracouta,0.537160337
833,puffer,0.791203141,puffer,0.574269414,puffer,0.76420027,puffer,0.807863355
834,goldfish,0.314728856,goldfish,0.194184989,goldfish,0.281776786,goldfish,0.350825846
835,puffer,0.242517963,ruffed_grouse,0.180415824,puffer,0.344993562,puffer,0.239273787
836,tench,0.065311223,partridge,0.40138194,tench,0.114677444,tench,0.100100636
837,tench,0.229613811,prairie_chicken,0.117809825,puffer,0.405097395,tench,0.260145962
838,puffer,0.245562404,tench,0.07162457,puffer,0.357439965,puffer,0.256230593
839,puffer,0.879734397,lionfish,0.117669106,puffer,0.91089195,puffer,0.923638642
840,puffer,0.765020788,eel,0.706680238,puffer,0.825331688,puffer,0.759672523
841,puffer,0.897081852,Indian_cobra,0.06775444,puffer,0.788666427,puffer,0.875162065
842,puffer,0.901618123,chambered_nautilus,0.091396034,puffer,0.800103068,puffer,0.816632211
843,triceratops,0.412449419,bow_tie,0.115802884,trilobite,0.452062637,triceratops,0.360731393
844,goldfish,0.58680433,wig,0.049861196,puffer,0.581064463,goldfish,0.328866452
845,goldfish,0.382671475,goldfish,0.21762003,goldfish,0.238009185,goldfish,0.40477547
846,goldfish,0.678975701,goldfish,0.577891469,goldfish,0.84505403,goldfish,0.859871686
847,rock_beauty,0.315427899,jellyfish,0.563615382,puffer,0.246258944,puffer,0.249033511
848,goldfish,0.78636694,goldfish,0.964427412,goldfish,0.433060914,goldfish,0.688540697
849,goldfish,0.892266989,goldfish,0.949362516,puffer,0.812679589,goldfish,0.75443536
850,goldfish,0.505354702,goldfish,0.785879612,electric_ray,0.250381857,goldfish,0.457636952
851,puffer,0.235603824,goldfish,0.231592521,puffer,0.450388372,puffer,0.656540275
852,puffer,0.649586201,puffer,0.507515967,puffer,0.450160325,puffer,0.717265606
853,goldfish,0.642138004,goldfish,0.18551071,goldfish,0.266243547,goldfish,0.452497602
854,puffer,0.55168885,goldfish,0.988494933,puffer,0.90187943,puffer,0.604471803
855,goldfish,0.307838649,goldfish,0.181736171,puffer,0.755871296,goldfish,0.254360139
856,barracouta,0.255661309,goldfish,0.061462358,puffer,0.771713138,tench,0.153338507
857,rock_beauty,0.278197199,goldfish,0.530579627,puffer,0.295426548,goldfish,0.163582847
858,goldfish,0.660403073,goldfish,0.931542456,puffer,0.491980225,goldfish,0.681172252
859,tench,0.482896358,goldfish,0.250690252,puffer,0.314939737,tench,0.406643808
860,goldfish,0.30005154,sea_anemone,0.265686393,puffer,0.736354589,puffer,0.345392555
861,goldfish,0.539436638,goldfish,0.186137155,goldfish,0.302445024,goldfish,0.524057865
862,tench,0.451249242,ruffed_grouse,0.222505227,tench,0.596935153,tench,0.455507159
863,tench,0.254579574,puffer,0.197502643,tench,0.398837239,tench,0.261338532
864,barracouta,0.591844559,frilled_lizard,0.222348318,barracouta,0.333747834,barracouta,0.571595311
865,tench,0.233755693,puffer,0.476984918,tench,0.334901035,tench,0.243148193
866,tench,0.453754365,tench,0.051004838,tench,0.494064003,tench,0.438205302
867,rock_beauty,0.818970323,rock_beauty,0.459890574,puffer,0.835269988,rock_beauty,0.727823853
868,goldfish,0.139947876,ruffed_grouse,0.062947258,tench,0.173023537,goldfish,0.210224345
869,tench,0.692436039,tench,0.542446196,tench,0.527252614,tench,0.707627892
870,puffer,0.685985506,dugong,0.052924357,puffer,0.55493778,puffer,0.578356862
871,puffer,0.279143572,jellyfish,0.262782782,puffer,0.371712714,puffer,0.245077282
872,goldfish,0.407842368,eel,0.503196716,goldfish,0.415660769,goldfish,0.389677227
873,goldfish,0.435143292,goldfish,0.115697838,goldfish,0.201935306,goldfish,0.388236195
874,goldfish,0.673548996,goldfish,0.249442458,goldfish,0.428872794,goldfish,0.64167285
875,goldfish,0.190612376,electric_ray,0.199652478,electric_ray,0.306930244,electric_ray,0.366590381
876,goldfish,0.423021644,goldfish,0.227722004,starfish,0.114277281,goldfish,0.33832401
877,goldfish,0.777451634,rock_beauty,0.49433279,goldfish,0.560820341,goldfish,0.791415572
878,goldfish,0.72683984,goldfish,0.443271458,goldfish,0.418554962,goldfish,0.757341266
879,goldfish,0.857721508,goldfish,0.543029904,goldfish,0.591632128,goldfish,0.773825228
880,barracouta,0.224536598,puffer,0.245980635,barracouta,0.216330796,goldfish,0.220895827
881,swab,0.132835776,stole,0.05168866,mitten,0.256222308,mitten,0.323909968
882,goldfish,0.343390703,eel,0.351311088,eft,0.148551032,goldfish,0.397190094
883,puffer,0.405548275,coral_reef,0.238245472,puffer,0.354703367,puffer,0.464795828
884,goldfish,0.278322995,goldfish,0.325175852,loggerhead,0.06368465,goldfish,0.127424657
885,tench,0.570046961,tench,0.357057929,tench,0.687186658,tench,0.686724722
886,goldfish,0.492964834,goldfish,0.524477065,goldfish,0.702781022,goldfish,0.433915049
887,electric_ray,0.320648819,electric_ray,0.155295625,coho,0.271289259,electric_ray,0.153050214
888,puffer,0.282398432,electric_ray,0.105340682,puffer,0.410564303,puffer,0.390650868
889,goldfish,0.755381465,goldfish,0.739291906,goldfish,0.728626311,goldfish,0.684839189
890,goldfish,0.383001477,goldfish,0.274656236,goldfish,0.322706282,goldfish,0.325584829
891,rock_beauty,0.25120157,coral_reef,0.164859116,rock_beauty,0.292631567,rock_beauty,0.284620911
892,rock_beauty,0.104295082,eel,0.348781884,tench,0.138229758,eel,0.139979154
893,rock_beauty,0.529001951,goldfish,0.221954197,puffer,0.48194471,rock_beauty,0.59286958
894,rock_beauty,0.344428986,isopod,0.248073876,electric_ray,0.349296361,rock_beauty,0.283177316
895,goldfish,0.613825738,goldfish,0.324074119,puffer,0.734396994,goldfish,0.36054945
896,rock_beauty,0.442938745,conch,0.180424303,barracouta,0.126901731,goldfish,0.363393784
897,barracouta,0.568048,barracouta,0.32673803,barracouta,0.286045611,barracouta,0.368567109
898,rock_beauty,0.437230021,goldfish,0.828875661,goldfish,0.499117851,goldfish,0.324066103
899,goldfish,0.469065547,goldfish,0.378161132,puffer,0.431833923,goldfish,0.356833249
900,electric_ray,0.579929829,electric_ray,0.290781409,electric_ray,0.48767212,electric_ray,0.51248908
901,goldfish,0.614729285,goldfish,0.888396382,puffer,0.515845299,goldfish,0.707609713
902,puffer,0.64097178,puffer,0.804362476,puffer,0.863216102,puffer,0.566922307
903,goldfish,0.393249065,platypus,0.045838986,puffer,0.670180917,goldfish,0.316499233
904,goldfish,0.238435358,puffer,0.394666284,puffer,0.180800721,puffer,0.197659627
905,puffer,0.364007086,puffer,0.33333531,puffer,0.75284493,puffer,0.543262064
906,puffer,0.918094456,puffer,0.553313971,puffer,0.887631059,puffer,0.7823838
907,puffer,0.192853197,goldfish,0.16624479,puffer,0.403821945,goldfish,0.19728896
908,rock_beauty,0.587323546,puffer,0.353694022,puffer,0.865311623,rock_beauty,0.461882174
909,puffer,0.638186753,puffer,0.219990075,puffer,0.668413997,puffer,0.427477628
910,goldfish,0.263734311,puffer,0.16270633,puffer,0.352620244,goldfish,0.291088164
911,puffer,0.966679394,puffer,0.756753862,puffer,0.972025335,puffer,0.975879908
912,puffer,0.290199161,sea_slug,0.305162907,puffer,0.6564309,puffer,0.40467903
913,puffer,0.390394837,puffer,0.551619232,puffer,0.478824824,puffer,0.270705312
914,goldfish,0.369913965,puffer,0.328953922,puffer,0.731662869,puffer,0.409772307
915,rock_beauty,0.458832353,goldfish,0.08965636,rock_beauty,0.26182574,goldfish,0.304621249
916,rock_beauty,0.468595386,puffer,0.219017416,puffer,0.513591588,rock_beauty,0.344485074
917,goldfish,0.481632948,goldfish,0.966107607,puffer,0.340683788,goldfish,0.577762842
918,goldfish,0.811477005,goldfish,0.935117722,goldfish,0.707951844,goldfish,0.882754266
919,goldfish,0.717249513,rock_beauty,0.425440997,puffer,0.35762614,goldfish,0.724585772
920,goldfish,0.731465161,goldfish,0.823414922,goldfish,0.405000031,goldfish,0.756778061
921,tench,0.297372133,goldfish,0.313442618,goldfish,0.438080162,goldfish,0.303957045
922,goldfish,0.673600376,goldfish,0.563030362,goldfish,0.537568867,goldfish,0.651616037
923,goldfish,0.585333586,goldfish,0.307204157,goldfish,0.466424167,goldfish,0.618692279
924,goldfish,0.501359165,goldfish,0.63589704,goldfish,0.648434818,goldfish,0.575296223
925,goldfish,0.317195535,tench,0.419957787,goldfish,0.347498447,goldfish,0.343200147
926,goldfish,0.135483801,kite,0.034585197,puffer,0.898786604,puffer,0.218763128
927,goldfish,0.288847059,goldfish,0.471075058,goldfish,0.257272065,goldfish,0.347542882
928,tench,0.62897563,tench,0.623794556,goldfish,0.372887671,tench,0.438513219
929,puffer,0.09281712,quill,0.188217133,puffer,0.118338428,puffer,0.24104473
930,grey_whale,0.089117236,trilobite,0.059982963,trilobite,0.041541915,gar,0.064973012
931,Petri_dish,0.774516582,tray,0.568107009,Petri_dish,0.903638482,Petri_dish,0.893249214
932,electric_ray,0.63634181,electric_ray,0.117359087,electric_ray,0.504557848,electric_ray,0.355329633
933,electric_ray,0.326679915,isopod,0.195396304,puffer,0.39742893,electric_ray,0.415430218
934,puffer,0.644412041,electric_ray,0.359924018,puffer,0.665242732,puffer,0.647674203
935,puffer,0.397357315,puffer,0.719413102,rock_beauty,0.296014279,puffer,0.398427635
936,puffer,0.337240219,puffer,0.701054871,puffer,0.285788059,puffer,0.376387715
937,puffer,0.799295306,electric_ray,0.378276706,puffer,0.814603388,puffer,0.835868955
938,electric_ray,0.392544031,electric_ray,0.948714733,electric_ray,0.59615159,electric_ray,0.609585226
939,puffer,0.15202719,snail,0.226252422,puffer,0.470782876,puffer,0.190227911
940,puffer,0.273503661,hummingbird,0.098536335,puffer,0.48677969,puffer,0.175480962
941,barracouta,0.341035128,isopod,0.119728774,barracouta,0.240264356,barracouta,0.407010287
942,electric_ray,0.82048732,electric_ray,0.19837828,electric_ray,0.626102328,electric_ray,0.749251246
943,puffer,0.576702416,puffer,0.499733597,puffer,0.589158773,puffer,0.550112307
944,rock_beauty,0.453843206,puffer,0.510975301,rock_beauty,0.384857595,rock_beauty,0.258000255
945,puffer,0.696373403,puffer,0.706705272,puffer,0.647847593,puffer,0.655593634
946,electric_ray,0.791276395,electric_ray,0.880012393,puffer,0.626166999,electric_ray,0.459429443
947,puffer,0.812842786,electric_ray,0.523123085,puffer,0.716784954,puffer,0.797715485
948,puffer,0.253068149,electric_ray,0.432145894,puffer,0.42701,rock_beauty,0.282648742
949,puffer,0.824723005,puffer,0.837926567,puffer,0.815418422,puffer,0.75758934
950,puffer,0.274745286,electric_ray,0.593791842,puffer,0.158065364,puffer,0.295562685
951,puffer,0.627822161,jellyfish,0.19198148,puffer,0.407612145,puffer,0.592575908
952,puffer,0.866122603,loggerhead,0.348535717,puffer,0.880045056,puffer,0.854772568
953,rock_beauty,0.656460285,trilobite,0.06645719,rock_beauty,0.40177381,rock_beauty,0.604354918
954,rock_beauty,0.329647005,isopod,0.0781646,rock_beauty,0.346900433,rock_beauty,0.299623221
955,rock_beauty,0.779294491,jellyfish,0.683128119,rock_beauty,0.684091032,rock_beauty,0.929770172
956,rock_beauty,0.273343861,rock_beauty,0.395938456,rock_beauty,0.127917051,rock_beauty,0.268974304
957,rock_beauty,0.939036906,rock_beauty,0.544194221,rock_beauty,0.866410315,rock_beauty,0.962935388
958,rock_beauty,0.718753934,rock_beauty,0.65523982,rock_beauty,0.754314721,rock_beauty,0.782205403
959,rock_beauty,0.231814742,kite,0.231975809,tench,0.219303161,tench,0.279938638
960,isopod,0.595321357,trilobite,0.435979217,isopod,0.762134135,isopod,0.567260742
961,puffer,0.837184489,electric_ray,0.119762741,puffer,0.722890437,puffer,0.851957023
962,goldfish,0.510238767,electric_ray,0.198145077,goldfish,0.415066898,goldfish,0.431888968
963,puffer,0.237041116,isopod,0.906874061,puffer,0.394920081,puffer,0.431886613
964,puffer,0.357099563,puffer,0.542824745,puffer,0.427780896,puffer,0.375544667
965,puffer,0.285921723,isopod,0.262692899,puffer,0.178672284,puffer,0.300677538
966,puffer,0.876577377,puffer,0.52859515,puffer,0.829413354,puffer,0.89054358
967,puffer,0.840423882,electric_ray,0.105262175,puffer,0.757897198,puffer,0.837727964
968,puffer,0.685757995,puffer,0.315252632,puffer,0.694680512,puffer,0.705977678
969,puffer,0.322166055,isopod,0.564315557,puffer,0.871665239,puffer,0.611009121
970,goldfish,0.56859535,isopod,0.298850149,puffer,0.379751265,goldfish,0.566539705
971,rock_beauty,0.419005245,isopod,0.550687969,puffer,0.254834354,rock_beauty,0.29560256
972,puffer,0.325019032,puffer,0.277711421,puffer,0.401987165,puffer,0.351181567
973,puffer,0.522967756,electric_ray,0.433109522,puffer,0.741833389,puffer,0.471065342
974,puffer,0.706653535,isopod,0.647497237,puffer,0.501344383,puffer,0.741366565
975,coral_reef,0.229340181,lionfish,0.149092674,coral_reef,0.206130564,coral_reef,0.233414367
976,leatherback_turtle,0.560478508,overskirt,0.280317515,leatherback_turtle,0.407447487,leatherback_turtle,0.418852478
977,electric_ray,0.361524075,electric_ray,0.679099381,electric_ray,0.420148522,electric_ray,0.293471545
978,tench,0.448150188,electric_ray,0.274444342,tench,0.397916496,tench,0.453467131
979,tench,0.295327276,puffer,0.091752566,tench,0.271679163,tench,0.265047461
980,goldfish,0.340777189,puffer,0.320696175,tench,0.522538781,tench,0.391502798
981,isopod,0.314515501,isopod,0.906203866,isopod,0.437651962,isopod,0.305961877
982,swab,0.346203327,trilobite,0.161087468,trilobite,0.417072892,jellyfish,0.221083656
983,coral_reef,0.717379212,puffer,0.210614234,coral_reef,0.6747908,coral_reef,0.674015224
984,puffer,0.281563967,puffer,0.416599602,electric_ray,0.321731746,puffer,0.47239995
985,puffer,0.916521132,puffer,0.363821,puffer,0.864124,puffer,0.899847627
986,electric_ray,0.33717066,dugong,0.194169745,electric_ray,0.63641125,electric_ray,0.433511019
987,puffer,0.074004143,chain_mail,0.075748503,electric_ray,0.152937844,puffer,0.07346417
988,rock_beauty,0.742094874,rock_beauty,0.601331413,eel,0.185231864,rock_beauty,0.646090448
989,rock_beauty,0.219431907,tiger_shark,0.170311332,dugong,0.376754344,tiger_shark,0.153318793
990,goldfish,0.290905952,electric_ray,0.15433386,rock_beauty,0.152918398,rock_beauty,0.308647096
991,sea_snake,0.156951502,sea_snake,0.55565995,sea_snake,0.166277632,sea_snake,0.176475629
992,eel,0.57635653,eel,0.845500767,eel,0.595123649,eel,0.542819858
993,eel,0.300531328,eel,0.568835318,eel,0.458150834,eel,0.394286245
994,barracouta,0.576623082,tench,0.441163301,barracouta,0.716079652,barracouta,0.684642553
995,eel,0.423913151,coral_reef,0.330423295,eel,0.698319674,eel,0.340485781
996,goldfish,0.30304724,coho,0.132876962,goldfish,0.225441411,goldfish,0.219898134
997,barracouta,0.799348831,barracouta,0.195158035,barracouta,0.567590415,barracouta,0.552991927
998,eel,0.257677644,eel,0.900530696,eel,0.300967962,eel,0.260804981
999,swab,0.248686597,chain_mail,0.585510135,bow_tie,0.390898198,bow_tie,0.895782709
