,Original Classification,Original Accuracy,Transposed Classification,Transpose Accuracy,SaltNoise Classification,Saltnoise Accuracy,DIRSaltNoise Classification,DIRSaltnoise Accuracy
0,goldfish,0.13404353,axolotl,0.08948154,marmoset,0.263868839,goldfish,0.178838089
1,goldfish,0.821009994,goldfish,0.459612489,kit_fox,0.278989106,goldfish,0.298794299
2,goldfish,0.980299711,goldfish,0.849958181,goldfish,0.989109397,goldfish,0.957428455
3,rock_beauty,0.682755768,rock_beauty,0.251119196,rock_beauty,0.197271064,rock_beauty,0.543243766
4,goldfish,0.99941361,goldfish,0.86169821,goldfish,0.997897029,goldfish,0.999396086
5,goldfish,0.914825141,goldfish,0.215947688,goldfish,0.986554265,goldfish,0.660386026
6,goldfish,0.998068035,goldfish,0.984187722,goldfish,0.994607925,goldfish,0.997312307
7,goldfish,0.822589099,pinwheel,0.151351035,goldfish,0.976684213,goldfish,0.955982327
8,yellow_lady's_slipper,0.341208994,plastic_bag,0.077252127,sea_slug,0.074037656,yellow_lady's_slipper,0.148862317
9,ocarina,0.592980444,ocarina,0.822823942,ocarina,0.174650937,ocarina,0.388088733
10,goldfish,0.911902726,rock_beauty,0.880849838,goldfish,0.898516357,goldfish,0.909085274
11,goldfish,0.904820323,rock_beauty,0.922723949,goldfish,0.977068961,goldfish,0.964173913
12,goldfish,0.969743252,rock_beauty,0.509362757,goldfish,0.989216805,goldfish,0.99488914
13,goldfish,0.8493101,goldfish,0.18672365,goldfish,0.71531409,goldfish,0.965136468
14,lesser_panda,0.294890374,German_short-haired_pointer,0.159500077,lesser_panda,0.224249125,platypus,0.271822542
15,rock_beauty,0.522480845,rock_beauty,0.481020004,barn_spider,0.369192094,rock_beauty,0.158441424
16,goldfish,0.991489947,goldfish,0.930893779,goldfish,0.972100496,goldfish,0.990113735
17,goldfish,0.426801264,tench,0.131893769,goldfish,0.780963719,goldfish,0.642608583
18,rock_beauty,0.213312149,rock_beauty,0.245536,coral_reef,0.145206586,rock_beauty,0.098412037
19,whistle,0.105022751,goldfish,0.073251657,nipple,0.234431401,beaker,0.091791645
20,goldfish,0.993602455,goldfish,0.481292576,goldfish,0.968499959,goldfish,0.998282552
21,goldfish,0.161384463,frilled_lizard,0.503594041,tick,0.146259427,goldfish,0.294101477
22,mousetrap,0.20948109,moving_van,0.342716008,mousetrap,0.293498904,mousetrap,0.384942353
23,goldfish,0.993240118,goldfish,0.998542786,goldfish,0.986382008,goldfish,0.996813834
24,goldfish,0.981339633,fox_squirrel,0.222738266,goldfish,0.549251437,goldfish,0.97451371
25,pinwheel,0.094766863,barn_spider,0.121490456,tick,0.122153543,goldfish,0.305196583
26,goldfish,0.992059231,goldfish,0.558444202,goldfish,0.997296274,goldfish,0.997814059
27,goldfish,0.994417191,goldfish,0.990461528,goldfish,0.997505486,goldfish,0.997445345
28,assault_rifle,0.100421458,fire_screen,0.304945469,tank,0.607165754,assault_rifle,0.102690682
29,goldfish,0.94321996,curly-coated_retriever,0.127893493,goldfish,0.710298479,goldfish,0.635684669
30,goldfish,0.562497377,stinkhorn,0.450392783,sea_cucumber,0.348079175,goldfish,0.324889392
31,goldfish,0.43798849,rock_beauty,0.384843051,goldfish,0.719905615,goldfish,0.477526456
32,goldfish,0.999518991,goldfish,0.480652332,red_fox,0.448431253,goldfish,0.997074008
33,water_jug,0.203917295,fire_screen,0.339746982,gasmask,0.134977832,water_jug,0.229265317
34,reel,0.127440467,frying_pan,0.177275911,power_drill,0.129340068,power_drill,0.181957141
35,coral_reef,0.736425221,coral_reef,0.520276189,coral_reef,0.671635747,coral_reef,0.722452521
36,goldfish,0.931292295,goldfish,0.927574515,goldfish,0.614003301,goldfish,0.872802317
37,rock_beauty,0.679722667,table_lamp,0.206168234,flat-coated_retriever,0.10401874,chimpanzee,0.241385266
38,rock_beauty,0.706778467,rock_beauty,0.932040036,rock_beauty,0.458444029,rock_beauty,0.571175158
39,milk_can,0.063464001,indri,0.083500691,breastplate,0.053836457,eel,0.077884719
40,affenpinscher,0.095881648,barn_spider,0.728676021,affenpinscher,0.294064939,affenpinscher,0.116870329
41,goldfish,0.986785233,goldfish,0.552036107,goldfish,0.978373528,goldfish,0.996314704
42,goldfish,0.979533374,rock_beauty,0.357322723,goldfish,0.963328958,goldfish,0.995149195
43,goldfish,0.925836086,goldfish,0.440357417,eft,0.954912126,eft,0.611020863
44,rock_beauty,0.259375095,bolo_tie,0.143600002,rock_beauty,0.128663182,rock_beauty,0.354355425
45,goldfish,0.662146389,goldfish,0.282643795,goldfish,0.430476964,goldfish,0.937855065
46,isopod,0.569519281,isopod,0.646541119,goldfish,0.610647798,isopod,0.612717092
47,barn_spider,0.131608769,pinwheel,0.635765374,goldfish,0.09718743,goldfish,0.779555917
48,gong,0.211083591,pickelhaube,0.24300082,rotisserie,0.160463288,caldron,0.109743595
49,goldfish,0.855500877,goldfish,0.502124846,goldfish,0.863947034,goldfish,0.892989159
50,goldfish,0.616946638,rock_beauty,0.662479579,American_lobster,0.417820156,goldfish,0.630848348
51,goldfish,0.993037641,rock_beauty,0.400262058,goldfish,0.969194055,goldfish,0.998387218
52,rock_beauty,0.822683871,rock_beauty,0.228988051,axolotl,0.491825938,rock_beauty,0.815589905
53,torch,0.807453752,goldfish,0.649477303,torch,0.340524048,torch,0.679591417
54,chiton,0.250671089,chiton,0.431776941,rock_beauty,0.121567376,rock_beauty,0.170133233
55,rock_beauty,0.344357163,rock_beauty,0.343640387,flatworm,0.636182904,rock_beauty,0.179320216
56,goldfish,0.624726236,yellow_lady's_slipper,0.992943227,goldfish,0.589615285,goldfish,0.243376926
57,rock_beauty,0.665079296,rock_beauty,0.964488745,goldfish,0.466727972,rock_beauty,0.415377617
58,rock_beauty,0.678205371,goldfish,0.229765132,rock_beauty,0.78184545,rock_beauty,0.844973862
59,goldfish,0.918263316,rock_beauty,0.396812797,goldfish,0.299473852,goldfish,0.86740303
60,goldfish,0.949137568,goldfish,0.934648097,goldfish,0.817540884,goldfish,0.939356863
61,rock_beauty,0.853771925,cloak,0.070011735,goldfish,0.843427896,rock_beauty,0.698653877
62,goldfish,0.998908997,rock_beauty,0.396167099,goldfish,0.984079659,goldfish,0.999884367
63,goldfish,0.974059165,goldfish,0.932408094,goldfish,0.985576451,goldfish,0.971975148
64,rock_beauty,0.922446311,rock_beauty,0.660732746,rock_beauty,0.477931887,rock_beauty,0.852343917
65,yellow_lady's_slipper,0.769752204,maypole,0.072979942,leopard,0.087557621,yellow_lady's_slipper,0.197019815
66,goldfish,0.993602335,goldfish,0.858416557,goldfish,0.990902364,goldfish,0.995235503
67,goldfish,0.414099246,goldfish,0.92479831,goldfish,0.246508926,goldfish,0.198842987
68,rock_beauty,0.374847829,comic_book,0.127805367,fox_squirrel,0.153110489,rock_beauty,0.551267564
69,goldfish,0.959505796,goldfish,0.972373843,goldfish,0.951476514,goldfish,0.948774219
70,rock_beauty,0.842727065,rock_beauty,0.529199958,rock_beauty,0.53869009,rock_beauty,0.640563726
71,goldfish,0.654643774,goldfish,0.718773067,goldfish,0.361738473,goldfish,0.540070534
72,goldfish,0.985906363,goldfish,0.898541927,bow_tie,0.627310455,goldfish,0.998525083
73,goldfish,0.198914468,rock_beauty,0.952187479,goldfish,0.858819246,goldfish,0.714979231
74,goldfish,0.963542879,goldfish,0.634980619,goldfish,0.996265352,goldfish,0.990491211
75,rock_beauty,0.504702806,goldfish,0.606083035,goldfish,0.706163466,goldfish,0.787885904
76,goldfish,0.999252617,goldfish,0.988904178,goldfish,0.955079973,goldfish,0.995887101
77,rock_beauty,0.955758333,goldfish,0.923932254,goldfish,0.847484708,rock_beauty,0.924013317
78,goldfish,0.998776495,goldfish,0.93903476,goldfish,0.997084439,goldfish,0.999246478
79,goldfish,0.99790287,brambling,0.394340277,goldfish,0.998857737,goldfish,0.999818385
80,goldfish,0.992007613,goldfish,0.932144403,goldfish,0.99743253,goldfish,0.988578796
81,goldfish,0.999123156,goldfish,0.686321676,goldfish,0.998692811,goldfish,0.999624252
82,rock_beauty,0.228299662,jellyfish,0.224664748,rock_beauty,0.120844454,rock_beauty,0.311887652
83,goldfish,0.991974771,goldfish,0.690001726,goldfish,0.998960733,goldfish,0.991257787
84,goldfish,0.998177528,goldfish,0.852756023,goldfish,0.999022007,goldfish,0.995434463
85,goldfish,0.83798784,fox_squirrel,0.264012724,goldfish,0.348126024,goldfish,0.89598459
86,goldfish,0.444220811,rock_beauty,0.939211726,goldfish,0.909142137,goldfish,0.515769958
87,goldfish,0.840439916,goldfish,0.842553318,axolotl,0.591678798,goldfish,0.963915229
88,rock_beauty,0.317522377,rock_beauty,0.418455601,goldfish,0.640401244,rock_beauty,0.849600315
89,goldfish,0.993466556,goldfish,0.923195958,goldfish,0.997420669,goldfish,0.994210482
90,goldfish,0.273472905,axolotl,0.758421004,fiddler_crab,0.131272882,goldfish,0.20837228
91,goldfish,0.992490113,goldfish,0.983822525,goldfish,0.998246431,goldfish,0.989445269
92,goldfish,0.97839123,goldfish,0.910760999,goldfish,0.996032059,goldfish,0.977367342
93,goldfish,0.064324558,EntleBucher,0.068594471,goldfish,0.080262817,spotted_salamander,0.057326168
94,platypus,0.298682123,isopod,0.123484522,goldfish,0.845203996,goldfish,0.345427126
95,goldfish,0.847565651,yellow_lady's_slipper,0.615303397,goldfish,0.998869836,goldfish,0.978716195
96,dugong,0.221835911,rock_beauty,0.312954456,goldfish,0.966462553,goldfish,0.969833732
97,Petri_dish,0.24590531,Irish_water_spaniel,0.335099578,water_jug,0.257516295,Petri_dish,0.45136255
98,prayer_rug,0.702773154,rock_beauty,0.612766206,prayer_rug,0.32905817,prayer_rug,0.631589592
99,goldfish,0.999578178,goldfish,0.949127614,goldfish,0.998217165,goldfish,0.998797655
100,goldfish,0.99818182,goldfish,0.731791675,goldfish,0.999772489,goldfish,0.995565593
101,goldfish,0.57688427,yellow_lady's_slipper,0.468834639,Chihuahua,0.205439806,frilled_lizard,0.511096656
102,goldfish,0.124476589,goldfish,0.197565809,sea_lion,0.112031803,tench,0.179475561
103,red-breasted_merganser,0.668397486,barn_spider,0.519862294,parachute,0.128674835,red-breasted_merganser,0.324549347
104,goldfish,0.69680196,goldfish,0.357493192,goldfish,0.958685577,goldfish,0.877842188
105,goldfish,0.128595859,whiskey_jug,0.055676814,piggy_bank,0.492851079,goldfish,0.774887502
106,goldfish,0.975056291,goldfish,0.937837422,goldfish,0.995556295,goldfish,0.995922089
107,goldfish,0.766516805,goldfish,0.350303054,goldfish,0.846385598,goldfish,0.986565053
108,goldfish,0.99957341,goldfish,0.807988763,goldfish,0.963119149,goldfish,0.992337644
109,goldfish,0.463465601,goldfish,0.836778462,axolotl,0.207508221,goldfish,0.706770837
110,goldfish,0.791873693,ear,0.180605143,spaghetti_squash,0.213831872,goldfish,0.636388361
111,goldfish,0.989980757,rock_beauty,0.15199247,goldfish,0.889994264,goldfish,0.993379474
112,goldfish,0.995507002,goldfish,0.851314247,goldfish,0.9985677,goldfish,0.998651922
113,steel_drum,0.18433027,redbone,0.144960612,squirrel_monkey,0.27647081,steel_drum,0.225212812
114,goldfish,0.357030004,bearskin,0.405241787,goldfish,0.431121916,ladybug,0.290474713
115,goldfish,0.98046881,goldfish,0.214942932,goldfish,0.611018777,goldfish,0.963466287
116,goldfish,0.710247874,comic_book,0.192091316,rotisserie,0.11601764,rotisserie,0.118387692
117,rock_beauty,0.964943409,rock_beauty,0.993872285,rock_beauty,0.685224295,rock_beauty,0.974440873
118,American_lobster,0.051955238,jacamar,0.140292227,fiddler_crab,0.284168452,fiddler_crab,0.10277117
119,goldfish,0.976067126,goldfish,0.898070693,goldfish,0.981797576,goldfish,0.990027606
120,goldfish,0.937790036,goldfish,0.577268541,goldfish,0.947531581,goldfish,0.956484139
121,goldfish,0.991868734,goldfish,0.364859402,goldfish,0.994543314,goldfish,0.988980055
122,goldfish,0.985809386,chain_mail,0.913722456,goldfish,0.867314279,goldfish,0.98035264
123,goldfish,0.994284093,chain_saw,0.655984759,goldfish,0.997306585,goldfish,0.99878341
124,electric_ray,0.170325264,lacewing,0.148310632,electric_ray,0.160247922,rock_beauty,0.195684999
125,goldfish,0.976087928,rock_beauty,0.678661346,goldfish,0.983283162,goldfish,0.976925731
126,goldfish,0.946702421,goldfish,0.599427462,goldfish,0.948537886,goldfish,0.964498937
127,goldfish,0.969331801,goldfish,0.817395508,goldfish,0.982834339,goldfish,0.987471282
128,goldfish,0.814980745,goldfish,0.897624314,goldfish,0.368904084,goldfish,0.823074877
129,Norwegian_elkhound,0.124674678,gong,0.159866095,Norwegian_elkhound,0.11170233,Norwegian_elkhound,0.117604926
130,goldfish,0.999800265,goldfish,0.99944371,goldfish,0.99979955,goldfish,0.999739707
131,goldfish,0.925724208,strawberry,0.14342086,goldfish,0.984702885,goldfish,0.990266621
132,goldfish,0.232144281,barracouta,0.151405126,frilled_lizard,0.175838798,goldfish,0.613942862
133,goldfish,0.833239436,goldfish,0.693616867,electric_ray,0.465662897,goldfish,0.950622678
134,goldfish,0.995856822,goldfish,0.620488286,goldfish,0.994381487,goldfish,0.991066039
135,curly-coated_retriever,0.10663332,goldfish,0.221020982,black-and-tan_coonhound,0.341489583,black-and-tan_coonhound,0.340785682
136,snowmobile,0.408417195,neck_brace,0.170245171,snowmobile,0.383693039,snowmobile,0.269301593
137,goldfish,0.998014569,rock_beauty,0.368983239,goldfish,0.99938035,goldfish,0.997027338
138,goldfish,0.992837369,goldfish,0.707392275,goldfish,0.934073329,goldfish,0.994683444
139,goldfish,0.567469776,goldfish,0.136636764,goldfish,0.5741539,goldfish,0.575523615
140,gong,0.572919786,rotisserie,0.208632961,steel_drum,0.117001057,rotisserie,0.262543589
141,eft,0.493118703,goldfish,0.50272733,eft,0.241212711,eft,0.362010241
142,goldfish,0.826422632,goldfish,0.944907606,goldfish,0.944190204,goldfish,0.898466229
143,goldfish,0.990603745,goldfish,0.360066205,goldfish,0.989237249,goldfish,0.99620527
144,goldfish,0.97079283,rock_beauty,0.725243688,goldfish,0.812601805,goldfish,0.948139489
145,goldfish,0.947574854,goldfish,0.543806136,goldfish,0.970151186,goldfish,0.96528405
146,goldfish,0.99056983,goldfish,0.963468254,goldfish,0.999549925,goldfish,0.999355495
147,goldfish,0.994257152,goldfish,0.781576455,goldfish,0.969717264,goldfish,0.98922652
148,American_lobster,0.094971023,sidewinder,0.089774087,lakeside,0.080648169,lakeside,0.062027711
149,goldfish,0.998065293,goldfish,0.799125552,goldfish,0.997645915,goldfish,0.993562341
150,mousetrap,0.949382186,switch,0.18004477,Band_Aid,0.323842108,microwave,0.781053126
151,rotisserie,0.996868551,fire_screen,0.310069233,rotisserie,0.991783381,rotisserie,0.994061887
152,Petri_dish,0.225725621,Petri_dish,0.275520891,Petri_dish,0.414045483,goldfish,0.579637825
153,marmoset,0.076520421,water_jug,0.06195569,solar_dish,0.650942445,marmoset,0.134224877
154,goldfish,0.998162448,goldfish,0.575647354,goldfish,0.998302102,goldfish,0.998767912
155,axolotl,0.309879512,earthstar,0.056270655,axolotl,0.282935172,axolotl,0.29316479
156,velvet,0.424682438,matchstick,0.161523253,flatworm,0.87445879,nematode,0.220222041
157,goldfish,0.947921455,goldfish,0.597556889,goldfish,0.98648876,goldfish,0.994963646
158,goldfish,0.981974423,whistle,0.112292603,goldfish,0.628627479,goldfish,0.997726738
159,goldfish,0.997163475,goldfish,0.326588631,goldfish,0.99666816,goldfish,0.99671042
160,loupe,0.080270343,rock_beauty,0.198870018,loupe,0.222212121,loupe,0.248510137
161,goldfish,0.966205537,goldfish,0.649587512,goldfish,0.994544387,goldfish,0.995607197
162,goldfish,0.992025912,rock_beauty,0.811659515,goldfish,0.931122541,goldfish,0.980232716
163,goldfish,0.998835385,cock,0.391803354,goldfish,0.999441683,goldfish,0.998533607
164,goldfish,0.550667465,goldfish,0.827365935,goldfish,0.627732038,goldfish,0.651787519
165,goldfish,0.99993515,goldfish,0.967399895,goldfish,0.989817262,goldfish,0.999319673
166,barn_spider,0.234020531,rock_beauty,0.232786179,fox_squirrel,0.114598334,barn_spider,0.157815576
167,volcano,0.363681823,volcano,0.08383508,volcano,0.515858233,volcano,0.355296105
168,goldfish,0.997545779,goldfish,0.953984261,goldfish,0.977034032,goldfish,0.97051549
169,rock_beauty,0.877364933,rock_beauty,0.895318508,rock_beauty,0.565945685,rock_beauty,0.619155586
170,goldfish,0.3609429,rock_beauty,0.603946686,goldfish,0.717272043,goldfish,0.762135208
171,goldfish,0.955585659,tench,0.134941027,eft,0.524742723,goldfish,0.621560097
172,goldfish,0.885180593,goldfish,0.326607853,goldfish,0.958243132,goldfish,0.954337358
173,coral_reef,0.22646077,prayer_rug,0.204112634,coral_reef,0.258428425,coral_reef,0.445660979
174,goldfish,0.999470413,pick,0.147751302,goldfish,0.988489807,goldfish,0.97943306
175,axolotl,0.297235996,axolotl,0.069160812,axolotl,0.387074679,axolotl,0.265295744
176,volcano,0.282009065,torch,0.166342825,eft,0.654904187,volcano,0.262834132
177,Granny_Smith,0.182639092,fox_squirrel,0.305355072,jellyfish,0.154201016,yellow_lady's_slipper,0.112126529
178,goldfish,0.894729674,goldfish,0.302132934,goldfish,0.998325408,goldfish,0.992400408
179,rotisserie,0.853511751,isopod,0.395044416,rotisserie,0.547744632,rotisserie,0.656496644
180,goldfish,0.71648109,goldfish,0.103539355,goldfish,0.830756187,goldfish,0.730726182
181,buckeye,0.407222807,proboscis_monkey,0.154585391,slug,0.210208029,goldfish,0.426122785
182,goldfish,0.827022731,rock_beauty,0.754884005,goldfish,0.974605858,goldfish,0.919766068
183,eel,0.914764106,eel,0.784141004,eel,0.850889742,eel,0.94221884
184,goldfish,0.488528848,yellow_lady's_slipper,0.086414889,goldfish,0.802146256,goldfish,0.493875176
185,goldfish,0.84187144,rock_beauty,0.9128865,goldfish,0.933288693,goldfish,0.940746069
186,goldfish,0.927157044,goldfish,0.698339999,goldfish,0.997620285,goldfish,0.997188151
187,goldfish,0.184325963,isopod,0.128615394,frilled_lizard,0.22900708,frilled_lizard,0.276644319
188,goldfish,0.899085522,rock_beauty,0.105173849,goldfish,0.627765119,goldfish,0.949841857
189,plate_rack,0.217141971,nipple,0.350274652,mousetrap,0.100602388,mousetrap,0.162838817
190,goldfish,0.639282107,goldfish,0.347469747,goldfish,0.265037596,goldfish,0.910350263
191,rock_beauty,0.813584447,rock_beauty,0.785838306,goldfish,0.872349501,goldfish,0.563914239
192,goldfish,0.930046976,fox_squirrel,0.06483645,goldfish,0.990128577,goldfish,0.92689395
193,screen,0.197089344,rock_beauty,0.103111736,goldfish,0.156533852,goldfish,0.406625867
194,goldfish,0.94237864,goldfish,0.570983708,goldfish,0.975952685,goldfish,0.908242524
195,goldfish,0.926214814,isopod,0.783773124,goldfish,0.739988863,goldfish,0.898790359
196,goldfish,0.793657243,goldfish,0.871848106,goldfish,0.664866447,goldfish,0.924982786
197,goldfish,0.493408352,rock_beauty,0.214402467,goldfish,0.581941307,goldfish,0.4860771
198,goldfish,0.99317354,fox_squirrel,0.23323226,goldfish,0.976909459,goldfish,0.997572958
199,coral_reef,0.644498467,coral_reef,0.13510406,African_chameleon,0.20605199,coral_reef,0.177222088
200,goldfish,0.987587154,goldfish,0.981911004,goldfish,0.978048444,goldfish,0.994847417
201,goldfish,0.870899916,stinkhorn,0.158054247,goldfish,0.88242805,goldfish,0.796481967
202,rock_beauty,0.291827828,barn_spider,0.170381799,rock_beauty,0.206805259,rock_beauty,0.358070195
203,goldfish,0.925680995,ocarina,0.331832021,goldfish,0.983616471,goldfish,0.922941029
204,hourglass,0.705403686,barn_spider,0.86041522,steel_drum,0.146886677,hourglass,0.538750172
205,goldfish,0.756448746,goldfish,0.874382257,axolotl,0.731924832,goldfish,0.650803983
206,goldfish,0.797953844,strawberry,0.256789476,goldfish,0.842483461,goldfish,0.867293537
207,goldfish,0.98204881,goldfish,0.809381425,shower_curtain,0.279497534,goldfish,0.624179006
208,goldfish,0.317497641,platypus,0.072449461,common_newt,0.304730058,goldfish,0.493370444
209,goldfish,0.118492432,face_powder,0.552797556,face_powder,0.17613174,face_powder,0.122354314
210,platypus,0.275970012,isopod,0.52066952,tick,0.439024359,platypus,0.332266778
211,goldfish,0.987921357,goldfish,0.932938635,goldfish,0.978354812,goldfish,0.991677403
212,goldfish,0.99918896,goldfish,0.888363361,goldfish,0.96992135,goldfish,0.999335229
213,bath_towel,0.546653569,bolo_tie,0.475933343,envelope,0.39032504,paper_towel,0.460731566
214,goldfish,0.981564224,goldfish,0.933532059,goldfish,0.97185725,goldfish,0.960871577
215,goldfish,0.229042396,fox_squirrel,0.434388161,rock_beauty,0.477505356,rock_beauty,0.233764306
216,goldfish,0.997482479,rock_beauty,0.842624366,goldfish,0.998764873,goldfish,0.998997629
217,Petri_dish,0.696408808,gong,0.255174309,bib,0.052301567,Petri_dish,0.720396757
218,goldfish,0.451304853,goldfish,0.844258964,eft,0.67515099,goldfish,0.639355242
219,platypus,0.166861996,Irish_water_spaniel,0.174746156,electric_ray,0.597299397,electric_ray,0.269036233
220,tench,0.490740389,Doberman,0.145934239,tench,0.541328907,tench,0.793271124
221,rock_beauty,0.721908212,rock_beauty,0.139584348,goldfish,0.170890048,electric_ray,0.308604598
222,goldfish,0.760023117,sorrel,0.217315465,proboscis_monkey,0.162214175,goldfish,0.369508535
223,goldfish,0.422800452,rotisserie,0.528915226,goldfish,0.188108608,goldfish,0.500905931
224,American_lobster,0.905750275,axolotl,0.195443645,flatworm,0.477355957,American_lobster,0.207667455
225,goldfish,0.756155849,rock_beauty,0.666144967,goldfish,0.678376973,goldfish,0.724710226
226,goldfish,0.986818433,goldfish,0.820891559,goldfish,0.992752671,goldfish,0.992593467
227,goldfish,0.998420477,fox_squirrel,0.303263754,goldfish,0.996502995,goldfish,0.997657776
228,goldfish,0.992997527,goldfish,0.594774783,goldfish,0.997429669,goldfish,0.997486472
229,goldfish,0.705397606,goldfish,0.70036459,eft,0.886540174,axolotl,0.374036878
230,goldfish,0.783493638,rock_beauty,0.326543719,goldfish,0.554823697,goldfish,0.752066076
231,goldfish,0.888039052,goldfish,0.980833411,goldfish,0.98857671,goldfish,0.961748302
232,coral_reef,0.47925815,coral_reef,0.421568841,American_lobster,0.459666371,coral_reef,0.299690127
233,goldfish,0.474041432,tench,0.096482232,goldfish,0.146132365,goldfish,0.198674932
234,goldfish,0.987084806,tench,0.970650911,goldfish,0.897169292,goldfish,0.973667741
235,goldfish,0.640571594,goldfish,0.643291473,goldfish,0.522203565,goldfish,0.513821065
236,binder,0.25328812,dugong,0.318483442,shower_curtain,0.401659489,ashcan,0.527661383
237,rock_beauty,0.750314951,fox_squirrel,0.587611258,goldfish,0.800358832,goldfish,0.523784101
238,goldfish,0.985318065,rock_beauty,0.220348909,goldfish,0.889251947,goldfish,0.974906802
239,prayer_rug,0.272104144,shoji,0.112561658,prayer_rug,0.377896398,prayer_rug,0.304967135
240,goldfish,0.982168198,rock_beauty,0.405384958,goldfish,0.878719628,goldfish,0.977677405
241,Doberman,0.093847573,rock_beauty,0.335702181,Doberman,0.059957363,Doberman,0.165985435
242,goldfish,0.66318351,rock_beauty,0.560582221,goldfish,0.90869993,goldfish,0.855175257
243,goldfish,0.286023915,redbone,0.34419629,slug,0.210112482,goldfish,0.923107743
244,hen-of-the-woods,0.367120445,earthstar,0.212690726,hen-of-the-woods,0.315882385,hen-of-the-woods,0.358771086
245,goldfish,0.867732882,goldfish,0.326306134,bow_tie,0.206266969,goldfish,0.627708912
246,goldfish,0.919579685,goldfish,0.935230613,goldfish,0.982696176,goldfish,0.987443507
247,goldfish,0.958324611,axolotl,0.407495379,goldfish,0.953587294,goldfish,0.969573319
248,tick,0.355088115,hair_slide,0.088257186,tick,0.462258518,tick,0.749259531
249,goldfish,0.738183379,frilled_lizard,0.454037011,goldfish,0.758691788,goldfish,0.655816078
250,goldfish,0.968715549,rock_beauty,0.177032083,goldfish,0.994365454,goldfish,0.984898984
251,goldfish,0.540828407,goldfish,0.724179089,goldfish,0.521433532,goldfish,0.639466345
252,goldfish,0.977078617,goldfish,0.935923755,goldfish,0.832380652,goldfish,0.992230356
253,goldfish,0.980677903,goldfish,0.906570077,goldfish,0.381496787,goldfish,0.974249661
254,rock_beauty,0.408407599,ocarina,0.112740047,puffer,0.529720724,goldfish,0.519741356
255,goldfish,0.981109738,banded_gecko,0.084109969,goldfish,0.999447286,goldfish,0.998571754
256,barn_spider,0.163611606,barn_spider,0.087482244,American_lobster,0.735059857,barn_spider,0.281047374
257,goldfish,0.927220047,rock_beauty,0.22952342,goldfish,0.195751995,goldfish,0.935283184
258,goldfish,0.92531848,goldfish,0.626265883,goldfish,0.939793289,goldfish,0.936997294
259,goldfish,0.961228788,goldfish,0.224965781,goldfish,0.118210264,goldfish,0.89685744
260,goldfish,0.979946792,goldfish,0.070036158,goldfish,0.999628544,goldfish,0.984909713
261,goldfish,0.998739898,rock_beauty,0.746752322,goldfish,0.999791324,goldfish,0.998599231
262,rotisserie,0.558173835,binder,0.307283282,screen,0.072060466,rotisserie,0.404382527
263,goldfish,0.998307347,goldfish,0.929079115,goldfish,0.990451932,goldfish,0.996345103
264,goldfish,0.960724235,goldfish,0.913454711,goldfish,0.271784306,goldfish,0.997100055
265,goldfish,0.998255551,rock_beauty,0.08428394,goldfish,0.998944819,goldfish,0.999035001
266,goldfish,0.224940255,tobacco_shop,0.668850601,goldfish,0.602162242,goldfish,0.512228251
267,coral_reef,0.335563719,coral_reef,0.11185284,sea_slug,0.366332769,sea_slug,0.305526972
268,goldfish,0.993582189,goldfish,0.323577821,goldfish,0.868533075,goldfish,0.899981618
269,goldfish,0.997416496,fox_squirrel,0.456068575,goldfish,0.996577442,goldfish,0.998732746
270,hourglass,0.10517142,clog,0.365543902,beaker,0.081964701,goblet,0.114426069
271,goldfish,0.96833539,goldfish,0.477541834,goldfish,0.971388817,goldfish,0.96301204
272,goldfish,0.991722643,goldfish,0.844709218,goldfish,0.980721474,goldfish,0.99131912
273,goldfish,0.478381068,strawberry,0.770409644,flatworm,0.138580859,goldfish,0.451919079
274,goldfish,0.991291404,goldfish,0.49117431,goldfish,0.578730941,goldfish,0.78630203
275,goldfish,0.992763698,goldfish,0.937226355,goldfish,0.996771991,goldfish,0.997290373
276,goldfish,0.11451143,rock_beauty,0.63680166,rock_crab,0.116914295,coral_reef,0.200517535
277,goldfish,0.132703453,rock_beauty,0.12284299,plate,0.086554959,goldfish,0.616999567
278,goldfish,0.842285275,goldfish,0.789772511,goldfish,0.462999165,goldfish,0.763436735
279,goldfish,0.969674528,goldfish,0.333980501,goldfish,0.987922132,goldfish,0.983526051
280,eft,0.604573071,rock_beauty,0.466635942,goldfish,0.345834076,eft,0.546339095
281,goldfish,0.723778069,yellow_lady's_slipper,0.091445304,flatworm,0.47878477,flatworm,0.308076441
282,goldfish,0.91112119,goldfish,0.593866825,goldfish,0.9843961,goldfish,0.965927601
283,goldfish,0.997425497,goldfish,0.883823276,goldfish,0.982697666,goldfish,0.994039774
284,goldfish,0.986351609,goldfish,0.420062333,goldfish,0.984210849,goldfish,0.938895404
285,goldfish,0.946184397,goldfish,0.30863589,goldfish,0.950173736,goldfish,0.973559678
286,Gordon_setter,0.122119322,broccoli,0.248144194,rock_beauty,0.208872154,rock_beauty,0.121893257
287,bubble,0.232379034,hair_slide,0.217231974,hourglass,0.219594017,red-breasted_merganser,0.186691344
288,goldfish,0.707463801,goldfish,0.973720968,goldfish,0.736008406,goldfish,0.882002831
289,goldfish,0.960995972,isopod,0.083165742,goldfish,0.532273829,goldfish,0.811283171
290,tench,0.180745319,common_newt,0.399312973,eft,0.461767495,eft,0.328848004
291,goldfish,0.975687981,goldfish,0.716674507,goldfish,0.989924431,goldfish,0.965196729
292,goldfish,0.998235583,goldfish,0.414806396,goldfish,0.694245756,goldfish,0.994873464
293,German_short-haired_pointer,0.050443094,redbone,0.369292915,red_wolf,0.077449061,German_short-haired_pointer,0.142757952
294,goldfish,0.972429454,goldfish,0.951516449,goldfish,0.788217664,goldfish,0.973681986
295,goldfish,0.932323098,goldfish,0.924225271,goldfish,0.916053414,goldfish,0.956714094
296,goldfish,0.85723871,rock_beauty,0.867575169,goldfish,0.966067314,goldfish,0.901915014
297,goldfish,0.995845139,goldfish,0.988490701,goldfish,0.976012409,goldfish,0.998385668
298,goldfish,0.490323484,goldfish,0.927642107,sea_slug,0.1712403,eft,0.228901714
299,goldfish,0.931684315,goldfish,0.906577349,goldfish,0.927394509,goldfish,0.876282096
300,goldfish,0.959482312,goldfish,0.184923559,goldfish,0.953420997,goldfish,0.961655915
301,goldfish,0.916657448,rock_beauty,0.288850397,goldfish,0.441580623,goldfish,0.89739424
302,Petri_dish,0.219990447,balloon,0.061983742,goldfish,0.25840506,goldfish,0.350704163
303,eft,0.924151182,eft,0.116065592,eft,0.282960624,eft,0.969147265
304,goldfish,0.396436602,American_lobster,0.177727506,sea_slug,0.225027278,goldfish,0.614507675
305,goldfish,0.977938414,rock_beauty,0.799738348,goldfish,0.936649323,goldfish,0.985490322
306,rock_beauty,0.884211183,rock_beauty,0.584880471,goldfish,0.9298805,rock_beauty,0.829509676
307,beer_glass,0.594604135,fire_screen,0.073988624,beer_glass,0.133358449,beer_glass,0.85758692
308,axolotl,0.2462226,isopod,0.147228494,axolotl,0.380945474,axolotl,0.307901144
309,goldfish,0.900519848,rock_beauty,0.759194732,goldfish,0.765671432,goldfish,0.861049533
310,goldfish,0.864507258,rock_beauty,0.950703323,goldfish,0.770421922,goldfish,0.865790248
311,goldfish,0.99171561,rock_beauty,0.188627958,goldfish,0.996920466,goldfish,0.995394647
312,tripod,0.109405555,rock_beauty,0.605637968,goldfish,0.489748955,goldfish,0.340052694
313,frilled_lizard,0.170332596,rock_beauty,0.630958259,sea_lion,0.172555119,platypus,0.113454744
314,goldfish,0.825581908,tench,0.23622863,goldfish,0.647369802,goldfish,0.985289514
315,goldfish,0.993049264,fox_squirrel,0.18718648,goldfish,0.995056272,goldfish,0.984856546
316,goldfish,0.439885318,maraca,0.11599531,isopod,0.389755189,isopod,0.441725194
317,goldfish,0.690416515,goldfish,0.667387247,goldfish,0.932424963,goldfish,0.937773705
318,goldfish,0.987285793,goldfish,0.519486368,goldfish,0.902680218,goldfish,0.981951654
319,chambered_nautilus,0.629349947,hourglass,0.421697438,puffer,0.058105793,chambered_nautilus,0.299722016
320,rock_beauty,0.751410961,rock_beauty,0.652035594,rock_beauty,0.251339763,goldfish,0.486155719
321,goldfish,0.08437518,bee,0.06661848,bee,0.116624385,goldfish,0.088948227
322,goldfish,0.999563992,goldfish,0.939807594,goldfish,0.999593914,goldfish,0.999731123
323,goldfish,0.989431977,goldfish,0.976834595,goldfish,0.978116512,goldfish,0.980403423
324,goldfish,0.23519522,sunscreen,0.084119186,goldfish,0.608310521,axolotl,0.134865105
325,goldfish,0.997025669,goldfish,0.972745419,goldfish,0.949608326,goldfish,0.99557209
326,fox_squirrel,0.172109857,fox_squirrel,0.270834297,fox_squirrel,0.091621734,fox_squirrel,0.165634111
327,goldfish,0.980675757,rock_beauty,0.575746179,goldfish,0.981660843,goldfish,0.983229101
328,comic_book,0.348090827,book_jacket,0.07589978,triceratops,0.099981025,rock_beauty,0.251517624
329,goldfish,0.481672287,rock_beauty,0.789372861,goldfish,0.883851111,goldfish,0.40967077
330,goldfish,0.990415096,hartebeest,0.302419722,goldfish,0.969866812,goldfish,0.994831026
331,hourglass,0.121508673,lakeside,0.168151841,toy_poodle,0.080175966,hourglass,0.1702649
332,eft,0.567510664,eft,0.479642451,eft,0.474383503,eft,0.562983274
333,Petri_dish,0.853661001,Petri_dish,0.76779896,common_newt,0.290572762,Petri_dish,0.616589248
334,goldfish,0.900095344,goldfish,0.439960361,goldfish,0.935375035,goldfish,0.951855123
335,goldfish,0.384828091,goldfish,0.57216078,rotisserie,0.367289722,goldfish,0.280290961
336,shower_cap,0.651744127,water_jug,0.190884173,sea_slug,0.332439333,shower_cap,0.476399004
337,goldfish,0.955490887,goldfish,0.930178463,goldfish,0.99691999,goldfish,0.877907574
338,goldfish,0.975617945,goldfish,0.185477823,goldfish,0.985416234,goldfish,0.984066129
339,goldfish,0.602914691,punching_bag,0.035917319,goldfish,0.994442165,goldfish,0.981591344
340,goldfish,0.949882686,goldfish,0.819242001,goldfish,0.624780774,goldfish,0.924492359
341,goldfish,0.35936904,rock_beauty,0.305274934,goldfish,0.367471725,goldfish,0.689808905
342,goldfish,0.996954799,goldfish,0.870711803,goldfish,0.994557023,goldfish,0.997455299
343,goldfish,0.743223667,goldfish,0.189067528,goldfish,0.42047748,goldfish,0.384786963
344,goldfish,0.602425933,Petri_dish,0.22265774,American_lobster,0.610906899,goldfish,0.585510373
345,goldfish,0.260217756,goldfish,0.335632116,eft,0.128219023,starfish,0.073749483
346,rock_beauty,0.753703356,rock_beauty,0.813639045,goldfish,0.798023164,rock_beauty,0.814816475
347,goldfish,0.998898268,goldfish,0.89890784,goldfish,0.996892273,goldfish,0.995374978
348,goldfish,0.698976874,goldfish,0.876501083,goldfish,0.61939472,goldfish,0.625006795
349,coral_reef,0.2577672,fox_squirrel,0.084678441,rock_beauty,0.366928071,rock_beauty,0.43198061
350,goldfish,0.911801577,goldfish,0.944087863,goldfish,0.287820041,goldfish,0.960647881
351,goldfish,0.980989277,goldfish,0.825553596,goldfish,0.991341531,goldfish,0.993034244
352,goldfish,0.701890647,goldfish,0.832260072,goldfish,0.933420837,goldfish,0.962374449
353,goldfish,0.534206569,goldfish,0.146475986,goldfish,0.5692029,goldfish,0.828000605
354,goldfish,0.945574224,goldfish,0.350525588,goldfish,0.941935897,goldfish,0.994240284
355,rock_beauty,0.792479813,rock_beauty,0.218925238,rock_beauty,0.660719693,rock_beauty,0.854635477
356,goldfish,0.151709571,Walker_hound,0.284859926,axolotl,0.432079881,goldfish,0.172517166
357,goldfish,0.981867075,yellow_lady's_slipper,0.598039985,goldfish,0.998001516,goldfish,0.99765414
358,goldfish,0.94781816,proboscis_monkey,0.409290582,goldfish,0.657544076,goldfish,0.985129595
359,goldfish,0.945381761,goldfish,0.599720716,goldfish,0.671218753,strawberry,0.695980906
360,goldfish,0.972575903,Windsor_tie,0.172718123,electric_ray,0.433892965,goldfish,0.989685953
361,goldfish,0.999553263,goldfish,0.726933837,jigsaw_puzzle,0.12666823,goldfish,0.881196499
362,Petri_dish,0.401667744,frying_pan,0.089341037,beaker,0.535200357,goldfish,0.506597638
363,prayer_rug,0.541346848,prayer_rug,0.574303925,prayer_rug,0.270575315,prayer_rug,0.548877299
364,goldfish,0.883826435,tench,0.30992797,goldfish,0.953683615,goldfish,0.801570714
365,tick,0.180866033,tick,0.160901517,platypus,0.142691076,tick,0.24412936
366,goldfish,0.463441432,rock_beauty,0.98235321,goldfish,0.292904019,rock_beauty,0.48261115
367,goldfish,0.847964883,Petri_dish,0.097541407,goldfish,0.996950209,goldfish,0.977301657
368,goldfish,0.990168929,cello,0.355792016,goldfish,0.514477968,goldfish,0.996351123
369,goldfish,0.698644757,goldfish,0.713378191,goldfish,0.666536748,goldfish,0.688057542
370,goldfish,0.091067053,rock_beauty,0.187670767,jigsaw_puzzle,0.199705526,goldfish,0.793321669
371,goldfish,0.946468413,caldron,0.154095247,sea_slug,0.410505146,goldfish,0.970114946
372,red-breasted_merganser,0.170219287,milk_can,0.07759963,Ibizan_hound,0.299256504,wire-haired_fox_terrier,0.530414999
373,goldfish,0.999888062,rock_beauty,0.855656683,goldfish,0.48495847,goldfish,0.999625683
374,goldfish,0.958626091,goldfish,0.995217204,goldfish,0.949083269,goldfish,0.992453277
375,goldfish,0.992268384,goldfish,0.89165175,goldfish,0.990976512,goldfish,0.9683792
376,rock_beauty,0.224259153,rock_beauty,0.269967467,eft,0.070667341,rock_beauty,0.111341566
377,shovel,0.04458949,milk_can,0.30442062,snowplow,0.032010846,shovel,0.047469907
378,goldfish,0.999667048,goldfish,0.296862483,goldfish,0.999672413,goldfish,0.999106348
379,goldfish,0.994956553,goldfish,0.769419491,goldfish,0.999165654,goldfish,0.998418093
380,rock_beauty,0.547345996,rock_beauty,0.616113663,goldfish,0.330923378,rock_beauty,0.527938902
381,coral_reef,0.201340407,coral_reef,0.219745442,rock_crab,0.27893728,coral_reef,0.20120807
382,spotlight,0.29505381,steel_drum,0.271683961,loupe,0.869403005,Petri_dish,0.613550484
383,consomme,0.475020975,eggnog,0.633107781,goldfish,0.437355489,consomme,0.378111631
384,goldfish,0.995685101,goldfish,0.997466922,goldfish,0.988431871,goldfish,0.992054582
385,goldfish,0.837735236,goldfish,0.963266253,goldfish,0.352449417,eft,0.678769648
386,goldfish,0.842775047,goldfish,0.446438134,goldfish,0.914454043,goldfish,0.876684904
387,goldfish,0.96296978,rock_beauty,0.545952439,goldfish,0.978754938,goldfish,0.981058776
388,goldfish,0.970441937,goldfish,0.975560665,goldfish,0.890198171,goldfish,0.891348481
389,goldfish,0.99968791,goldfish,0.999794304,goldfish,0.997290909,goldfish,0.999831915
390,common_newt,0.206842348,tench,0.171642035,common_newt,0.291268766,common_newt,0.160481125
391,goldfish,0.935862899,triceratops,0.23977752,goldfish,0.797349811,goldfish,0.955232918
392,goldfish,0.986864269,goldfish,0.836201251,goldfish,0.958476007,goldfish,0.958920181
393,goldfish,0.820320249,rock_beauty,0.493367255,goldfish,0.983483434,goldfish,0.942667544
394,goldfish,0.904288054,goldfish,0.246253654,goldfish,0.99616468,goldfish,0.997460485
395,goldfish,0.869836211,fox_squirrel,0.378057837,goldfish,0.931578457,goldfish,0.94991982
396,goldfish,0.998749137,goldfish,0.7616781,goldfish,0.999437273,goldfish,0.998836577
397,goldfish,0.417843133,goldfish,0.334134579,goldfish,0.22408551,volcano,0.695547283
398,goldfish,0.997493982,goldfish,0.941249788,goldfish,0.999599755,goldfish,0.998125732
399,goldfish,0.634247839,fox_squirrel,0.211572558,goldfish,0.936325669,goldfish,0.973283768
400,electric_ray,0.420591772,indri,0.13521494,electric_ray,0.167383641,electric_ray,0.357599378
401,goldfish,0.905972898,goldfish,0.970012188,goldfish,0.821019769,goldfish,0.965601385
402,goldfish,0.996358693,goldfish,0.099959515,goldfish,0.992243707,goldfish,0.994346678
403,goldfish,0.723195612,volcano,0.930603206,goldfish,0.780551195,goldfish,0.583222866
404,goldfish,0.216077477,electric_ray,0.145740047,axolotl,0.207310483,goldfish,0.492420793
405,goldfish,0.504031956,goldfish,0.723931491,goldfish,0.142533079,goldfish,0.699966609
406,goldfish,0.976846516,goldfish,0.636298358,goldfish,0.984549165,goldfish,0.989116013
407,goldfish,0.99692601,goldfish,0.645105422,goldfish,0.998792887,goldfish,0.998046756
408,goldfish,0.861815751,goldfish,0.408122838,goldfish,0.911188602,goldfish,0.986039281
409,eft,0.554918289,goldfish,0.159190848,goldfish,0.861405432,goldfish,0.968589723
410,goldfish,0.60898602,goldfish,0.939379454,goldfish,0.916653395,goldfish,0.930642843
411,goldfish,0.948154449,goldfish,0.398685396,goldfish,0.945690215,goldfish,0.852787912
412,eft,0.64601934,rock_beauty,0.218477711,eft,0.887443662,eft,0.887625873
413,rotisserie,0.116901077,milk_can,0.330743849,hog,0.053789452,rotisserie,0.260584861
414,goldfish,0.253817886,goldfish,0.675131083,eft,0.334034532,goldfish,0.186750725
415,goldfish,0.998023152,goldfish,0.365917981,goldfish,0.997097611,goldfish,0.996831119
416,goldfish,0.654235065,fox_squirrel,0.214142427,goldfish,0.477103591,goldfish,0.598881662
417,eft,0.71202147,goldfish,0.867758572,eft,0.841179073,eft,0.733931303
418,goldfish,0.99958998,goldfish,0.924254954,yellow_lady's_slipper,0.511555254,goldfish,0.995441198
419,goldfish,0.9753353,goldfish,0.934885204,goldfish,0.995014369,goldfish,0.987835109
420,goldfish,0.997847676,goldfish,0.875423849,goldfish,0.972444296,goldfish,0.996509016
421,goldfish,0.522335887,goldfish,0.745652497,sea_slug,0.477155596,goldfish,0.715772808
422,goldfish,0.995094895,goldfish,0.957765579,goldfish,0.979879022,goldfish,0.996548951
423,goldfish,0.881841481,goldfish,0.859452307,goldfish,0.824498475,goldfish,0.923553824
424,goldfish,0.982924283,goldfish,0.878031254,goldfish,0.994742155,goldfish,0.993363142
425,goldfish,0.799248576,goldfish,0.226807162,goldfish,0.985909164,goldfish,0.920983493
426,goldfish,0.981519699,goldfish,0.063434877,goldfish,0.904837549,goldfish,0.980405211
427,goldfish,0.308897853,rock_beauty,0.782370567,goldfish,0.225287288,goldfish,0.344612598
428,goldfish,0.286716253,axolotl,0.159202173,patas,0.177148432,goldfish,0.169023171
429,goldfish,0.998114586,goldfish,0.970744491,goldfish,0.999870539,goldfish,0.99972564
430,goldfish,0.999423981,goldfish,0.999524593,goldfish,0.999627709,goldfish,0.999919891
431,rock_beauty,0.409176111,rock_beauty,0.452920854,coral_reef,0.191254914,rock_beauty,0.235668734
432,goldfish,0.991336465,goldfish,0.526538312,goldfish,0.984496593,goldfish,0.994062364
433,volcano,0.68138057,volcano,0.203871176,volcano,0.701484799,volcano,0.85798949
434,whiskey_jug,0.850974083,whiskey_jug,0.70475471,whiskey_jug,0.382785916,whiskey_jug,0.495154649
435,goldfish,0.848880291,goldfish,0.522946894,goldfish,0.994837463,goldfish,0.950214207
436,goldfish,0.985597074,goldfish,0.853258669,goldfish,0.999708354,goldfish,0.998221219
437,goldfish,0.968302071,goldfish,0.677161336,goldfish,0.966107488,goldfish,0.983201087
438,rock_beauty,0.097411215,Windsor_tie,0.138817608,pencil_box,0.131927326,rock_beauty,0.335698634
439,goldfish,0.994059324,goldfish,0.986003935,goldfish,0.856759012,goldfish,0.984870255
440,platypus,0.188472718,tailed_frog,0.428740054,goldfish,0.470335037,goldfish,0.597286761
441,goldfish,0.542610109,goldfish,0.301745176,goldfish,0.438691139,goldfish,0.583166897
442,goldfish,0.547457933,fire_screen,0.324200571,rotisserie,0.239297956,goldfish,0.565074563
443,goldfish,0.855260611,goldfish,0.558632433,goldfish,0.459114403,goldfish,0.874539375
444,volcano,0.794846475,volcano,0.276509911,volcano,0.6391114,volcano,0.430547208
445,goldfish,0.874969542,rock_beauty,0.943740785,goldfish,0.990938067,goldfish,0.924839497
446,goldfish,0.970187426,goldfish,0.716226697,goldfish,0.995744884,goldfish,0.996406138
447,goldfish,0.252910048,goldfish,0.472415805,goldfish,0.943217516,goldfish,0.618084311
448,whistle,0.511954427,whistle,0.119758599,goldfish,0.965810299,goldfish,0.930800915
449,goldfish,0.712030768,rock_beauty,0.492756754,goldfish,0.975119174,goldfish,0.952163517
450,goldfish,0.96510613,fox_squirrel,0.758283257,goldfish,0.964397013,goldfish,0.960339427
451,goldfish,0.986119747,pick,0.873357713,goldfish,0.980976284,goldfish,0.980117738
452,goldfish,0.997722566,goldfish,0.999947548,goldfish,0.999074459,goldfish,0.999850988
453,goldfish,0.892360091,goldfish,0.875700355,goldfish,0.928064942,goldfish,0.792219818
454,goldfish,0.989373505,goldfish,0.600346804,goldfish,0.924907446,goldfish,0.991014898
455,goldfish,0.991853774,hourglass,0.827383161,goldfish,0.949580371,goldfish,0.978011727
456,trifle,0.081973448,nematode,0.210337371,Petri_dish,0.307385147,Petri_dish,0.16125448
457,goldfish,0.800456285,rock_beauty,0.117854923,eft,0.719178855,goldfish,0.461928219
458,goldfish,0.697632432,goldfish,0.947953582,axolotl,0.815660417,goldfish,0.551625192
459,umbrella,0.171362072,Windsor_tie,0.074096762,umbrella,0.185866594,umbrella,0.22619617
460,nematode,0.318253696,barn_spider,0.159072608,nematode,0.568369627,nematode,0.405184895
461,goldfish,0.946485341,goldfish,0.894554973,goldfish,0.745056808,goldfish,0.892402709
462,hamper,0.091037393,hair_slide,0.267601371,goldfish,0.234793171,eft,0.202289864
463,goldfish,0.815504253,indri,0.12594749,goldfish,0.400849462,goldfish,0.868033051
464,goldfish,0.98954469,goldfish,0.986050069,goldfish,0.999162912,goldfish,0.988047838
465,hip,0.087009788,rock_beauty,0.741009653,goldfish,0.187080011,goldfish,0.209030852
466,goldfish,0.922991991,goldfish,0.445493847,goldfish,0.97086525,goldfish,0.97429198
467,barracouta,0.36386922,goldfish,0.194073498,gar,0.379270881,barracouta,0.2588
468,Kerry_blue_terrier,0.412651718,feather_boa,0.276347548,rock_beauty,0.066792876,Kerry_blue_terrier,0.226890564
469,nipple,0.279441983,lotion,0.102234021,shower_curtain,0.890333295,shower_curtain,0.337103039
470,goldfish,0.942312717,goldfish,0.658583701,goldfish,0.94726187,goldfish,0.956220746
471,goldfish,0.968311548,goldfish,0.646763027,goldfish,0.95793128,goldfish,0.928417623
472,goldfish,0.907025278,American_lobster,0.421523213,goldfish,0.664189041,goldfish,0.830042005
473,rock_beauty,0.267853528,goldfish,0.393992484,goldfish,0.993463695,goldfish,0.996067882
474,goldfish,0.928728044,goldfish,0.996909201,goldfish,0.452121407,goldfish,0.750198185
475,abaya,0.302280903,barrel,0.554632545,radiator,0.078474708,Kerry_blue_terrier,0.071018554
476,platypus,0.123325512,pick,0.347842664,tailed_frog,0.090087622,platypus,0.076895528
477,rock_beauty,0.815064251,rock_beauty,0.270941406,rock_beauty,0.933197021,rock_beauty,0.859561682
478,curly-coated_retriever,0.058887266,goldfish,0.422199786,rock_beauty,0.196825325,rock_beauty,0.095092922
479,goldfish,0.998837054,goldfish,0.99382931,goldfish,0.999142051,goldfish,0.999187768
480,goldfish,0.65102613,stinkhorn,0.153068498,stinkhorn,0.514691532,stinkhorn,0.457985908
481,goldfish,0.990497768,goldfish,0.791164279,goldfish,0.987156689,goldfish,0.99202615
482,goldfish,0.289807051,goldfish,0.235270128,goldfish,0.626114249,goldfish,0.513869822
483,goldfish,0.851307869,goldfish,0.191748634,goldfish,0.496744275,goldfish,0.826854229
484,rock_beauty,0.421994865,oboe,0.237122446,goldfish,0.813097417,goldfish,0.723930955
485,ping-pong_ball,0.163919181,Windsor_tie,0.08576861,goldfish,0.200312167,horizontal_bar,0.093463674
486,goldfish,0.635792315,guenon,0.135652676,proboscis_monkey,0.061591763,goldfish,0.479703724
487,horizontal_bar,0.128140554,chime,0.481376141,horizontal_bar,0.270331681,horizontal_bar,0.297588825
488,goldfish,0.998980939,goldfish,0.992680311,goldfish,0.999365032,goldfish,0.99908638
489,goldfish,0.738163114,rock_beauty,0.414152354,goldfish,0.84962219,goldfish,0.573791921
490,goldfish,0.951844871,goldfish,0.204695687,goldfish,0.990033209,goldfish,0.97109431
491,goldfish,0.969062686,fox_squirrel,0.347469509,goldfish,0.972382188,goldfish,0.993060827
492,goldfish,0.785541832,American_lobster,0.139170408,goldfish,0.384258628,goldfish,0.968812883
493,yellow_lady's_slipper,0.107665569,goldfish,0.291143656,goldfish,0.754111528,rock_beauty,0.25138846
494,platypus,0.23023589,axolotl,0.202688277,chain_saw,0.47126165,platypus,0.069421828
495,goldfish,0.995186627,goldfish,0.897536933,goldfish,0.917309701,goldfish,0.994748771
496,rock_beauty,0.525821388,goldfish,0.809863031,flatworm,0.288576931,rock_beauty,0.422578394
497,handkerchief,0.086086363,hoopskirt,0.195952848,handkerchief,0.318924278,skunk,0.049257789
498,goldfish,0.912634134,bearskin,0.766500413,goldfish,0.988953352,goldfish,0.993438184
499,goldfish,0.96968621,goldfish,0.923558474,goldfish,0.995728195,goldfish,0.977707684
500,tailed_frog,0.904568493,frilled_lizard,0.936365068,tailed_frog,0.873659015,tailed_frog,0.899020672
501,hen-of-the-woods,0.086638272,isopod,0.156178549,tailed_frog,0.744971573,tailed_frog,0.11098744
502,tailed_frog,0.980383694,fox_squirrel,0.133617327,tailed_frog,0.844647825,tailed_frog,0.957764387
503,sidewinder,0.177422047,chiton,0.294421107,chiton,0.197735965,chiton,0.239507049
504,hen-of-the-woods,0.132440522,bolete,0.326853275,frilled_lizard,0.100571752,frilled_lizard,0.234020919
505,common_newt,0.297174215,fox_squirrel,0.282949209,tailed_frog,0.615909934,tailed_frog,0.401983351
506,common_newt,0.101483427,Windsor_tie,0.108450577,common_newt,0.13547948,common_newt,0.094300032
507,tailed_frog,0.678683221,leopard,0.273858428,tailed_frog,0.310627401,tailed_frog,0.834122479
508,terrapin,0.309676528,barn_spider,0.208513185,leatherback_turtle,0.485376179,leatherback_turtle,0.288519442
509,African_chameleon,0.241502196,Irish_water_spaniel,0.135486916,tailed_frog,0.249565884,tailed_frog,0.212216705
510,tailed_frog,0.403395474,tailed_frog,0.205391482,tailed_frog,0.159151927,tailed_frog,0.495978117
511,tailed_frog,0.610768676,yellow_lady's_slipper,0.483113885,tailed_frog,0.260998666,tailed_frog,0.596900105
512,tailed_frog,0.750663757,vine_snake,0.575967729,tailed_frog,0.707723379,tailed_frog,0.783447325
513,fox_squirrel,0.144213781,barn_spider,0.338630408,common_newt,0.265498906,common_newt,0.219505936
514,tailed_frog,0.362232596,barn_spider,0.433773458,tailed_frog,0.716881216,tailed_frog,0.532990813
515,barn_spider,0.25064835,common_newt,0.208206013,scorpion,0.469563335,barn_spider,0.308099777
516,frilled_lizard,0.392704517,plane,0.215697393,tailed_frog,0.306159109,fiddler_crab,0.142706379
517,cheetah,0.205630556,frilled_lizard,0.610957265,tailed_frog,0.489726573,cheetah,0.231512055
518,tailed_frog,0.317058831,frilled_lizard,0.505851209,beaver,0.534936666,tailed_frog,0.502309799
519,platypus,0.369679064,stinkhorn,0.295915037,boa_constrictor,0.164012447,platypus,0.254934281
520,tailed_frog,0.790342689,African_chameleon,0.641197562,tailed_frog,0.850595117,tailed_frog,0.824491322
521,sidewinder,0.220915064,tailed_frog,0.223465294,banded_gecko,0.33776626,banded_gecko,0.415881544
522,common_newt,0.334436059,fox_squirrel,0.137516811,papillon,0.118593596,axolotl,0.754720092
523,electric_ray,0.135649085,barn_spider,0.301363975,electric_ray,0.562969923,electric_ray,0.179905236
524,tailed_frog,0.750570536,frilled_lizard,0.111571923,tailed_frog,0.792375386,tailed_frog,0.757417023
525,frilled_lizard,0.122217096,frilled_lizard,0.114945166,ringlet,0.149525374,ringlet,0.234778807
526,tailed_frog,0.326847047,frilled_lizard,0.977491617,fox_squirrel,0.170206979,tailed_frog,0.150498137
527,barn_spider,0.225917235,barn_spider,0.933541298,vine_snake,0.192156255,tailed_frog,0.190520659
528,tailed_frog,0.692118526,frilled_lizard,0.605184197,tailed_frog,0.300513178,tailed_frog,0.715996385
529,tailed_frog,0.938595176,leopard,0.362940013,tailed_frog,0.937761307,tailed_frog,0.927791178
530,tailed_frog,0.656066179,barn_spider,0.369506657,tailed_frog,0.868457317,tailed_frog,0.663734496
531,tailed_frog,0.600033045,fox_squirrel,0.256423324,tailed_frog,0.65410912,tailed_frog,0.668124437
532,tailed_frog,0.282625228,vine_snake,0.477488965,vine_snake,0.434271634,tree_frog,0.267768115
533,tailed_frog,0.170425117,isopod,0.461305857,tailed_frog,0.755096436,tailed_frog,0.706824362
534,sidewinder,0.216967762,vine_snake,0.226450399,tailed_frog,0.25304541,sidewinder,0.270870447
535,zucchini,0.125175044,zucchini,0.459636241,tailed_frog,0.159074277,green_mamba,0.232343897
536,tailed_frog,0.934337974,frilled_lizard,0.802194417,tailed_frog,0.839653492,tailed_frog,0.919114649
537,leopard,0.333403796,leopard,0.349867374,cheetah,0.280283779,cheetah,0.394248128
538,common_newt,0.640929639,frilled_lizard,0.824881375,common_newt,0.539353609,common_newt,0.453412354
539,tailed_frog,0.870835185,frilled_lizard,0.562159836,tailed_frog,0.697788835,tailed_frog,0.691220641
540,ant,0.211106047,barn_spider,0.289388299,barn_spider,0.268330187,ant,0.258247733
541,tailed_frog,0.978816807,barn_spider,0.173830599,tailed_frog,0.957071602,tailed_frog,0.954051256
542,can_opener,0.467509329,bolo_tie,0.174559727,tailed_frog,0.273341835,can_opener,0.452420682
543,tailed_frog,0.380377561,tailed_frog,0.444317549,frilled_lizard,0.341705561,frilled_lizard,0.331885993
544,mongoose,0.27141735,fox_squirrel,0.420124829,mongoose,0.136150062,mongoose,0.152548522
545,frilled_lizard,0.123395994,frilled_lizard,0.160321668,barn_spider,0.180163592,frilled_lizard,0.273590893
546,tailed_frog,0.893461883,rock_python,0.41463089,tailed_frog,0.488874376,tailed_frog,0.934467971
547,gyromitra,0.18566139,fox_squirrel,0.237351611,tailed_frog,0.141840398,gyromitra,0.181669667
548,tailed_frog,0.470563889,whiskey_jug,0.068489365,fox_squirrel,0.081729762,tailed_frog,0.469418854
549,tailed_frog,0.902771592,fox_squirrel,0.467875659,tailed_frog,0.531178772,tailed_frog,0.9170807
550,electric_ray,0.083720632,fox_squirrel,0.127830744,fox_squirrel,0.042196944,fox_squirrel,0.104140557
551,tailed_frog,0.454119444,barn_spider,0.172836989,tailed_frog,0.076585442,tailed_frog,0.365467459
552,sidewinder,0.388955206,barn_spider,0.400061339,whiptail,0.238922283,sidewinder,0.254246324
553,frilled_lizard,0.534230173,can_opener,0.083604321,frilled_lizard,0.74170965,frilled_lizard,0.704925418
554,frilled_lizard,0.874383509,frilled_lizard,0.907009602,tailed_frog,0.875031888,frilled_lizard,0.818608999
555,frilled_lizard,0.814163387,frilled_lizard,0.317959279,frilled_lizard,0.788763165,frilled_lizard,0.710095584
556,tailed_frog,0.542012751,frilled_lizard,0.929796457,tailed_frog,0.694086432,tailed_frog,0.365847826
557,tailed_frog,0.682611048,frilled_lizard,0.313823402,platypus,0.847977996,tailed_frog,0.452315509
558,tailed_frog,0.543313861,barn_spider,0.139129281,tailed_frog,0.674533784,tailed_frog,0.695877075
559,frilled_lizard,0.296653181,frilled_lizard,0.854953527,frilled_lizard,0.475283056,frilled_lizard,0.653740227
560,platypus,0.50347805,red_wolf,0.234635219,platypus,0.794742584,platypus,0.540358543
561,tailed_frog,0.753515303,frilled_lizard,0.570216954,tailed_frog,0.813465416,tailed_frog,0.671740472
562,tailed_frog,0.452914953,fox_squirrel,0.513658404,tailed_frog,0.241385728,tailed_frog,0.446009964
563,tailed_frog,0.539625585,platypus,0.5020715,tailed_frog,0.430852413,tailed_frog,0.541665435
564,common_newt,0.351575464,German_short-haired_pointer,0.563847661,common_newt,0.242165387,common_newt,0.259413391
565,tailed_frog,0.991348565,tailed_frog,0.761957884,tailed_frog,0.992791891,tailed_frog,0.992896974
566,mink,0.278870672,barn_spider,0.957035661,mink,0.255480438,mink,0.274260581
567,tailed_frog,0.264348209,fox_squirrel,0.893642128,rock_python,0.36781019,sidewinder,0.226529956
568,tailed_frog,0.958166659,tailed_frog,0.726973951,tailed_frog,0.911839724,tailed_frog,0.940410852
569,bluetick,0.949985564,bluetick,0.995096266,bluetick,0.669217646,bluetick,0.901646018
570,platypus,0.456458062,redbone,0.583088279,spotted_salamander,0.372949988,platypus,0.676850498
571,isopod,0.181106478,wood_rabbit,0.463374615,tailed_frog,0.309013158,isopod,0.367376924
572,tailed_frog,0.822897077,platypus,0.708761871,tailed_frog,0.933547854,tailed_frog,0.870811462
573,tailed_frog,0.794109166,gyromitra,0.419869453,tailed_frog,0.810421348,tailed_frog,0.791030824
574,tailed_frog,0.409231365,trombone,0.144058436,tailed_frog,0.155693457,tailed_frog,0.423220724
575,hognose_snake,0.220008075,leopard,0.465593904,common_newt,0.258862436,hognose_snake,0.167298585
576,tailed_frog,0.844653785,tree_frog,0.504736364,tailed_frog,0.607652843,tailed_frog,0.800528944
577,tailed_frog,0.42501089,banded_gecko,0.96933347,redbone,0.163630277,tailed_frog,0.253719836
578,banded_gecko,0.259420633,triceratops,0.259450316,tailed_frog,0.270876557,tailed_frog,0.350437343
579,tailed_frog,0.902403533,frilled_lizard,0.75895828,tailed_frog,0.936097443,tailed_frog,0.956823647
580,tailed_frog,0.248358041,frilled_lizard,0.202917635,fox_squirrel,0.220664129,common_newt,0.147468418
581,barn_spider,0.340476334,frilled_lizard,0.292529017,barn_spider,0.264299154,barn_spider,0.250215262
582,spotted_salamander,0.396574616,isopod,0.167947441,spotted_salamander,0.603118658,spotted_salamander,0.574313879
583,platypus,0.350449055,frilled_lizard,0.512445807,platypus,0.302327126,platypus,0.218292981
584,tailed_frog,0.1597597,indri,0.060942229,tailed_frog,0.754232287,tailed_frog,0.404810518
585,tailed_frog,0.443087965,barn_spider,0.763885438,tailed_frog,0.850707412,tailed_frog,0.543819606
586,frilled_lizard,0.286072731,mink,0.060658272,fox_squirrel,0.146518767,black_grouse,0.366378963
587,Dungeness_crab,0.278712541,barn_spider,0.140563667,tick,0.203055039,Dungeness_crab,0.248920977
588,tailed_frog,0.607324004,tailed_frog,0.798974037,tailed_frog,0.91609025,tailed_frog,0.655302107
589,tailed_frog,0.678395629,frilled_lizard,0.430903673,tailed_frog,0.590212345,tailed_frog,0.764184833
590,bolete,0.13682656,goldfish,0.048082996,slug,0.04057806,stinkhorn,0.084166564
591,tailed_frog,0.419362128,barn_spider,0.108248718,hyena,0.238392696,tailed_frog,0.316007942
592,tailed_frog,0.749537528,frilled_lizard,0.938180327,tailed_frog,0.907909989,tailed_frog,0.838570714
593,common_newt,0.228656754,banded_gecko,0.343768448,tailed_frog,0.17000024,common_newt,0.299753487
594,sidewinder,0.15343821,frilled_lizard,0.289824337,earthstar,0.170221925,lion,0.080308303
595,tailed_frog,0.882685781,fox_squirrel,0.465399653,tailed_frog,0.544748604,tailed_frog,0.623637021
596,platypus,0.120973632,Irish_water_spaniel,0.085284926,platypus,0.122333474,platypus,0.140525147
597,prayer_rug,0.7874946,hamper,0.383045882,prayer_rug,0.811207056,prayer_rug,0.706389427
598,platypus,0.159583017,platypus,0.084074639,window_screen,0.086646356,gong,0.150989845
599,tailed_frog,0.864280045,fox_squirrel,0.104785591,tailed_frog,0.937274337,tailed_frog,0.680115759
600,tailed_frog,0.617960155,German_short-haired_pointer,0.247545764,tailed_frog,0.117613092,tailed_frog,0.44644317
601,tailed_frog,0.79220134,tailed_frog,0.809954584,tailed_frog,0.822516739,tailed_frog,0.754548311
602,steel_arch_bridge,0.094469935,barn_spider,0.073096588,hen-of-the-woods,0.086862922,steel_arch_bridge,0.074872717
603,tailed_frog,0.464183688,barn_spider,0.432333797,tailed_frog,0.669953585,tailed_frog,0.468862414
604,tailed_frog,0.122538939,skunk,0.123993479,tailed_frog,0.196091264,skunk,0.140599549
605,common_newt,0.651480913,frilled_lizard,0.669486821,common_newt,0.526251912,common_newt,0.826817155
606,common_newt,0.136674657,barn_spider,0.109786935,common_newt,0.440796733,weasel,0.18771176
607,gyromitra,0.199930578,tailed_frog,0.120592944,barn_spider,0.210432589,gyromitra,0.137231231
608,tailed_frog,0.164228827,frilled_lizard,0.962239444,wombat,0.133763298,tailed_frog,0.153317288
609,tailed_frog,0.394687593,eel,0.18155618,tailed_frog,0.27179265,tailed_frog,0.37201798
610,tailed_frog,0.948712051,fox_squirrel,0.384782553,tailed_frog,0.953104138,tailed_frog,0.943431318
611,tailed_frog,0.452980965,frilled_lizard,0.498870492,frilled_lizard,0.333811074,sidewinder,0.206773788
612,tailed_frog,0.842006445,Irish_water_spaniel,0.452434748,tailed_frog,0.963168502,tailed_frog,0.769650459
613,cheetah,0.405621231,ruffed_grouse,0.313091457,cheetah,0.35677439,cheetah,0.524853766
614,tailed_frog,0.935713947,tailed_frog,0.465787947,tailed_frog,0.964916408,tailed_frog,0.907365859
615,tailed_frog,0.746383309,common_newt,0.101701252,common_newt,0.274278075,tailed_frog,0.297914833
616,isopod,0.122182533,nail,0.654855788,common_newt,0.47415188,common_newt,0.215811014
617,frilled_lizard,0.372034609,Irish_water_spaniel,0.123261534,tailed_frog,0.481514364,tailed_frog,0.277245671
618,tailed_frog,0.309025764,fox_squirrel,0.668074727,otter,0.292233348,tailed_frog,0.26144284
619,frilled_lizard,0.144260734,tailed_frog,0.129474685,tailed_frog,0.126899123,tailed_frog,0.090292454
620,sidewinder,0.297118485,hen-of-the-woods,0.219850019,hen-of-the-woods,0.182730108,sidewinder,0.194662511
621,tailed_frog,0.466925085,jaguar,0.157942802,common_newt,0.591352582,tailed_frog,0.641497195
622,tailed_frog,0.964626253,frilled_lizard,0.471283615,tailed_frog,0.867751896,tailed_frog,0.952777326
623,frilled_lizard,0.478587717,frilled_lizard,0.998816013,tailed_frog,0.636533499,tailed_frog,0.392863065
624,tailed_frog,0.932629228,fox_squirrel,0.206085801,tailed_frog,0.546246827,tailed_frog,0.888229012
625,tailed_frog,0.241362095,tailed_frog,0.258634567,frilled_lizard,0.359368682,frilled_lizard,0.26738134
626,tailed_frog,0.687678456,slug,0.172751814,tailed_frog,0.606417835,tailed_frog,0.775121093
627,tailed_frog,0.691674232,marmoset,0.12770775,tailed_frog,0.828019619,tailed_frog,0.847485662
628,wood_rabbit,0.173780113,barn_spider,0.258073986,wood_rabbit,0.297693193,wood_rabbit,0.158103645
629,platypus,0.763145208,fox_squirrel,0.133364767,platypus,0.502978683,platypus,0.839705944
630,tailed_frog,0.231661648,overskirt,0.076042987,sidewinder,0.222650528,tailed_frog,0.306957573
631,frilled_lizard,0.217826083,frilled_lizard,0.342098057,frilled_lizard,0.212585881,frilled_lizard,0.293395221
632,tailed_frog,0.645229042,tailed_frog,0.957693517,tailed_frog,0.912398458,tailed_frog,0.829027474
633,spotted_salamander,0.599579453,chiton,0.160679325,tailed_frog,0.402868271,spotted_salamander,0.499184519
634,terrapin,0.132007584,chiton,0.07858634,Petri_dish,0.053531043,Petri_dish,0.094023809
635,tailed_frog,0.263819724,tick,0.11833436,tick,0.213152677,tailed_frog,0.139392361
636,fox_squirrel,0.300714433,fox_squirrel,0.891075909,fox_squirrel,0.8618505,fox_squirrel,0.674292862
637,sidewinder,0.166381493,titi,0.240863562,whiptail,0.302755862,whiptail,0.137694642
638,tailed_frog,0.753404915,tick,0.052969128,tailed_frog,0.768204331,tailed_frog,0.833336115
639,spotted_salamander,0.335155487,spotted_salamander,0.554139614,spotted_salamander,0.285531908,common_newt,0.350972593
640,tailed_frog,0.993618965,three-toed_sloth,0.246152923,tailed_frog,0.988043606,tailed_frog,0.992579997
641,tailed_frog,0.172864839,frilled_lizard,0.557415485,common_newt,0.238993511,tailed_frog,0.62656498
642,grey_whale,0.110487819,Windsor_tie,0.217421874,Cardigan,0.311226457,great_white_shark,0.111819528
643,electric_ray,0.689069152,electric_ray,0.253165811,electric_ray,0.865554571,electric_ray,0.776393652
644,tailed_frog,0.669714987,breastplate,0.035376534,tailed_frog,0.729431391,tailed_frog,0.866124928
645,fox_squirrel,0.47604841,cheetah,0.150149643,fox_squirrel,0.409004599,fox_squirrel,0.612753987
646,banded_gecko,0.214013472,common_newt,0.2948367,shower_curtain,0.303722173,agama,0.264288664
647,rock_python,0.548962355,tick,0.183748662,rock_python,0.182203382,rock_python,0.542987108
648,frilled_lizard,0.94901669,fox_squirrel,0.223504007,frilled_lizard,0.675292015,frilled_lizard,0.919039547
649,platypus,0.963776529,tick,0.86944294,common_newt,0.43220523,platypus,0.821609378
650,frilled_lizard,0.330009013,tailed_frog,0.137152895,tailed_frog,0.33203271,frilled_lizard,0.328988582
651,tailed_frog,0.946376145,scorpion,0.128864706,tailed_frog,0.872602701,tailed_frog,0.86591965
652,tailed_frog,0.76036793,frilled_lizard,0.252608597,tailed_frog,0.919283986,tailed_frog,0.724559724
653,tailed_frog,0.859002769,electric_ray,0.334460974,tailed_frog,0.857592404,tailed_frog,0.859757364
654,banded_gecko,0.756114542,American_lobster,0.091896348,tailed_frog,0.357637048,banded_gecko,0.518124521
655,tailed_frog,0.909555137,tailed_frog,0.205022663,tailed_frog,0.891795456,tailed_frog,0.828150272
656,tailed_frog,0.62381506,fox_squirrel,0.845706224,tailed_frog,0.608008862,tailed_frog,0.720629454
657,sidewinder,0.072396025,hen-of-the-woods,0.140635252,tailed_frog,0.137663171,electric_ray,0.252516508
658,electric_ray,0.848381102,tusker,0.305177659,electric_ray,0.81318742,electric_ray,0.660375416
659,tailed_frog,0.458267123,barn_spider,0.545679331,tailed_frog,0.332456678,tailed_frog,0.326523334
660,frilled_lizard,0.115727708,bustard,0.061369587,grey_whale,0.281548679,grey_whale,0.111484326
661,tailed_frog,0.963364482,electric_ray,0.460646063,tailed_frog,0.946432054,tailed_frog,0.989159644
662,common_newt,0.856802046,whiskey_jug,0.629973114,common_newt,0.753367782,common_newt,0.919739544
663,barn_spider,0.477312952,yellow_lady's_slipper,0.810220659,barn_spider,0.692715287,barn_spider,0.517676294
664,common_newt,0.279394895,whiptail,0.304891914,tailed_frog,0.241038412,common_newt,0.374631613
665,sidewinder,0.258523554,earthstar,0.129363298,hen-of-the-woods,0.192528665,hen-of-the-woods,0.13288559
666,tailed_frog,0.948877215,frilled_lizard,0.968230844,tailed_frog,0.967112184,tailed_frog,0.967539012
667,Irish_water_spaniel,0.182121322,gyromitra,0.091923229,Irish_water_spaniel,0.139165983,curly-coated_retriever,0.169002846
668,rock_python,0.420112997,tailed_frog,0.32016325,rock_python,0.266531885,rock_python,0.473199159
669,custard_apple,0.19953382,rock_python,0.059471384,frilled_lizard,0.194200292,custard_apple,0.179663062
670,tailed_frog,0.358895153,vine_snake,0.06829907,tailed_frog,0.611015797,tailed_frog,0.559435606
671,common_newt,0.511117458,agama,0.652546346,common_newt,0.521654963,common_newt,0.519352198
672,platypus,0.426538795,padlock,0.200053453,platypus,0.319707543,platypus,0.360821038
673,tailed_frog,0.716645181,frilled_lizard,0.892136514,tailed_frog,0.750348449,tailed_frog,0.480551124
674,barn_spider,0.225372404,Granny_Smith,0.198897466,tick,0.416840017,tailed_frog,0.206068426
675,frilled_lizard,0.900952876,isopod,0.120900571,frilled_lizard,0.412562639,electric_ray,0.493992954
676,tailed_frog,0.289985985,barn_spider,0.112613603,fox_squirrel,0.357922435,fox_squirrel,0.24546057
677,tailed_frog,0.829172194,tailed_frog,0.558720887,tailed_frog,0.873085201,tailed_frog,0.833256245
678,frilled_lizard,0.223866254,three-toed_sloth,0.145331979,tailed_frog,0.272026449,frilled_lizard,0.353865743
679,tick,0.567247093,tick,0.797061443,tick,0.309092909,tick,0.307567775
680,tailed_frog,0.795145214,leaf_beetle,0.151811779,tailed_frog,0.749784231,tailed_frog,0.896488786
681,spotted_salamander,0.312304378,eel,0.178573638,ground_beetle,0.196299925,common_newt,0.170562565
682,tailed_frog,0.933001399,isopod,0.048061501,tailed_frog,0.814893544,tailed_frog,0.870320201
683,tailed_frog,0.687826335,banded_gecko,0.096979,tailed_frog,0.748348057,tailed_frog,0.730009139
684,tailed_frog,0.858700633,rock_python,0.230878875,tailed_frog,0.624764919,tailed_frog,0.843241334
685,barn_spider,0.355948299,rotisserie,0.135058299,barn_spider,0.48825109,barn_spider,0.28421697
686,tailed_frog,0.876298249,hen-of-the-woods,0.357186437,tailed_frog,0.572012126,tailed_frog,0.75246799
687,platypus,0.481301725,maraca,0.169044316,tailed_frog,0.596841753,platypus,0.582009912
688,tailed_frog,0.920723021,hair_slide,0.245115802,tailed_frog,0.91933459,tailed_frog,0.929763317
689,marmot,0.171541154,frilled_lizard,0.968260288,fox_squirrel,0.114747137,marmot,0.214003623
690,tailed_frog,0.831752062,African_chameleon,0.186327994,tailed_frog,0.925406873,tailed_frog,0.905061543
691,tick,0.761498034,tick,0.39486149,tick,0.774908245,tick,0.762582242
692,sidewinder,0.229982674,fox_squirrel,0.873066604,horned_viper,0.362993449,tailed_frog,0.260073721
693,tailed_frog,0.187867939,Irish_water_spaniel,0.371559918,hyena,0.14632313,tailed_frog,0.103193149
694,tailed_frog,0.355160981,gyromitra,0.345548391,tailed_frog,0.423919439,tailed_frog,0.421179235
695,hair_slide,0.102608435,Granny_Smith,0.153319463,Pomeranian,0.116165139,frilled_lizard,0.102062553
696,European_fire_salamander,0.663270772,European_fire_salamander,0.16919522,European_fire_salamander,0.882576942,European_fire_salamander,0.625822246
697,tailed_frog,0.401380301,sidewinder,0.20534274,tailed_frog,0.230303958,tailed_frog,0.351643413
698,tailed_frog,0.941325366,gyromitra,0.089384772,tailed_frog,0.894170702,tailed_frog,0.958898604
699,tailed_frog,0.193469822,earthstar,0.100641586,tailed_frog,0.593653142,tailed_frog,0.521667838
700,tailed_frog,0.788458824,frilled_lizard,0.53799355,tailed_frog,0.812433958,tailed_frog,0.88484782
701,tailed_frog,0.443131566,rock_python,0.187036604,tailed_frog,0.799458504,tailed_frog,0.718138099
702,tailed_frog,0.309143364,chiton,0.084963426,tailed_frog,0.779944658,tailed_frog,0.550307989
703,barn_spider,0.430755436,barn_spider,0.186732531,barn_spider,0.286113471,barn_spider,0.528583288
704,tailed_frog,0.681173623,whiptail,0.166037723,tailed_frog,0.415545464,tailed_frog,0.475133419
705,sidewinder,0.247017682,frilled_lizard,0.141538739,sidewinder,0.39541316,sidewinder,0.262785524
706,sidewinder,0.227087662,earthstar,0.407578737,tailed_frog,0.176981479,rock_python,0.187357068
707,platypus,0.942250252,platypus,0.629458368,platypus,0.97172159,platypus,0.972887993
708,tailed_frog,0.538557768,rock_python,0.31800732,tailed_frog,0.708381236,tailed_frog,0.646343589
709,fox_squirrel,0.163981378,platypus,0.470924854,fox_squirrel,0.15155378,platypus,0.144767746
710,common_newt,0.275683522,leafhopper,0.129977152,common_newt,0.289885074,common_newt,0.359780014
711,tailed_frog,0.347744256,rock_python,0.363417238,tailed_frog,0.195909977,consomme,0.191998586
712,tailed_frog,0.734062612,platypus,0.197949752,tailed_frog,0.673672557,tailed_frog,0.881010354
713,tailed_frog,0.469967127,hen-of-the-woods,0.245062068,tailed_frog,0.734993398,tailed_frog,0.605306745
714,frilled_lizard,0.29196763,ibex,0.119351804,tailed_frog,0.358698428,tailed_frog,0.317347616
715,tailed_frog,0.122094214,banded_gecko,0.392597318,tailed_frog,0.259302735,tailed_frog,0.285791755
716,sidewinder,0.559578955,tailed_frog,0.466275722,sidewinder,0.405506551,sidewinder,0.583577156
717,gyromitra,0.260443211,three-toed_sloth,0.538026333,tailed_frog,0.663771987,gyromitra,0.286116481
718,tailed_frog,0.519801855,hen-of-the-woods,0.094423711,tailed_frog,0.26784265,tailed_frog,0.206347957
719,tailed_frog,0.903742671,pickelhaube,0.71930021,tailed_frog,0.919690967,tailed_frog,0.879335463
720,tailed_frog,0.574104667,frilled_lizard,0.932719111,tailed_frog,0.754234135,tailed_frog,0.540235996
721,tailed_frog,0.809447885,platypus,0.478684843,tailed_frog,0.897521198,tailed_frog,0.72000283
722,tick,0.650029957,tick,0.267791986,tick,0.571609855,tick,0.681905627
723,tailed_frog,0.936028123,barn_spider,0.350164354,hen-of-the-woods,0.249068379,tailed_frog,0.939803481
724,tailed_frog,0.990604103,chiton,0.462734014,tailed_frog,0.92443645,tailed_frog,0.987047672
725,sidewinder,0.106660984,Gordon_setter,0.079689994,barn_spider,0.114208803,king_crab,0.115812697
726,whiptail,0.386179328,cheetah,0.642114878,whiptail,0.273171961,whiptail,0.367982477
727,tailed_frog,0.896244168,frilled_lizard,0.265206099,tailed_frog,0.963227451,tailed_frog,0.903736889
728,tailed_frog,0.477652669,frilled_lizard,0.620524228,tailed_frog,0.657781065,tailed_frog,0.506562233
729,barn_spider,0.352016002,worm_fence,0.119236186,barn_spider,0.177279502,barn_spider,0.234213874
730,tailed_frog,0.664956331,frilled_lizard,0.797778249,tailed_frog,0.993079841,tailed_frog,0.974797726
731,tailed_frog,0.498901337,Irish_water_spaniel,0.422059923,brown_bear,0.193927273,tailed_frog,0.412854224
732,gyromitra,0.820537031,cardoon,0.268960267,gyromitra,0.308548301,gyromitra,0.85736382
733,African_chameleon,0.31021288,African_chameleon,0.494006336,earthstar,0.927664757,earthstar,0.374926001
734,fox_squirrel,0.386325687,platypus,0.896331131,fox_squirrel,0.922679722,fox_squirrel,0.806566894
735,tailed_frog,0.761844099,tailed_frog,0.984317541,tailed_frog,0.647270858,tailed_frog,0.820501328
736,tailed_frog,0.884658813,tailed_frog,0.12590304,tailed_frog,0.956217229,tailed_frog,0.844072938
737,tailed_frog,0.949391842,barn_spider,0.278839558,tailed_frog,0.947265565,tailed_frog,0.952625096
738,hen-of-the-woods,0.27911064,honeycomb,0.170346916,broccoli,0.500099897,broccoli,0.257163405
739,tailed_frog,0.924807787,fox_squirrel,0.340681106,tailed_frog,0.852545321,tailed_frog,0.876819253
740,tailed_frog,0.858904958,frilled_lizard,0.674485862,tailed_frog,0.892825902,tailed_frog,0.889665306
741,tailed_frog,0.964301944,tailed_frog,0.8547616,tailed_frog,0.986269057,tailed_frog,0.978442669
742,common_newt,0.317312241,barn_spider,0.936685622,common_newt,0.624510407,common_newt,0.547549844
743,African_chameleon,0.255104691,rock_python,0.49003458,redbone,0.147406578,fox_squirrel,0.564252317
744,tailed_frog,0.941270053,frilled_lizard,0.917239666,tailed_frog,0.962980509,tailed_frog,0.94479692
745,tailed_frog,0.295880735,isopod,0.241477847,tailed_frog,0.395374477,barn_spider,0.269586056
746,tailed_frog,0.573380828,frilled_lizard,0.827966332,lynx,0.328095824,tailed_frog,0.620359778
747,consomme,0.390962541,isopod,0.699922621,tailed_frog,0.267112166,consomme,0.530819356
748,Granny_Smith,0.223813936,Granny_Smith,0.345036924,tick,0.099512115,spaghetti_squash,0.490030468
749,tailed_frog,0.218706995,barn_spider,0.368725449,tailed_frog,0.202003449,tailed_frog,0.337368101
750,bolete,0.439003736,gyromitra,0.67446363,bolete,0.232196644,bolete,0.24974589
751,electric_ray,0.182143509,electric_ray,0.407671362,electric_ray,0.241208792,electric_ray,0.148923606
752,tailed_frog,0.953624785,frilled_lizard,0.106264621,tailed_frog,0.942169189,tailed_frog,0.960884273
753,tailed_frog,0.812522292,tailed_frog,0.46602881,tailed_frog,0.714648724,tailed_frog,0.603971362
754,hen-of-the-woods,0.150001585,hen-of-the-woods,0.473404258,hen-of-the-woods,0.408507615,hen-of-the-woods,0.354455173
755,tailed_frog,0.837053418,frilled_lizard,0.409445941,tailed_frog,0.828410089,tailed_frog,0.879174352
756,tailed_frog,0.204370499,sidewinder,0.218018904,isopod,0.124571592,tailed_frog,0.339319199
757,electric_ray,0.161478013,common_newt,0.114769973,electric_ray,0.137585953,electric_ray,0.237420887
758,sidewinder,0.350404471,earthstar,0.405256867,electric_ray,0.183055088,sidewinder,0.215416759
759,tailed_frog,0.577036679,frilled_lizard,0.236341715,tailed_frog,0.363452345,tailed_frog,0.406137943
760,tailed_frog,0.832606912,redbone,0.212970451,tailed_frog,0.813744426,tailed_frog,0.540844023
761,tailed_frog,0.475673139,tailed_frog,0.197932631,tailed_frog,0.578963876,tailed_frog,0.307036638
762,electric_ray,0.197339445,tusker,0.126948938,wire-haired_fox_terrier,0.076684043,hog,0.181331992
763,assault_rifle,0.0628355,breastplate,0.131003872,ground_beetle,0.094583564,thresher,0.04368161
764,tailed_frog,0.424111307,flatworm,0.230797082,tailed_frog,0.387306362,tailed_frog,0.440838575
765,rock_python,0.399996161,tailed_frog,0.518787563,tailed_frog,0.382678628,rock_python,0.356158793
766,tailed_frog,0.819936514,tailed_frog,0.635828376,tailed_frog,0.640639365,tailed_frog,0.757260442
767,tailed_frog,0.564519823,sidewinder,0.176046401,tailed_frog,0.925633967,tailed_frog,0.737814188
768,tailed_frog,0.913063169,fox_squirrel,0.195077792,tailed_frog,0.734421313,tailed_frog,0.906345963
769,common_newt,0.264366299,banded_gecko,0.349403501,whiptail,0.296106219,common_newt,0.306449234
770,gyromitra,0.515225649,gyromitra,0.821829438,gyromitra,0.649901569,gyromitra,0.4122006
771,banded_gecko,0.294424713,frilled_lizard,0.996571302,banded_gecko,0.463317335,tailed_frog,0.369535714
772,tailed_frog,0.59411788,leopard,0.22929199,tailed_frog,0.878436089,tailed_frog,0.581662893
773,African_chameleon,0.067147531,hen-of-the-woods,0.112209655,broccoli,0.437577754,broccoli,0.076890357
774,frilled_lizard,0.338356227,guenon,0.135129824,frilled_lizard,0.410062194,coho,0.165561438
775,African_chameleon,0.338725001,African_chameleon,0.80345273,yellow_lady's_slipper,0.110021688,African_chameleon,0.276445806
776,frilled_lizard,0.622211277,frilled_lizard,0.73919642,frilled_lizard,0.101890318,isopod,0.272659421
777,tick,0.567660272,tailed_frog,0.311133355,common_newt,0.118924633,common_newt,0.340650976
778,axolotl,0.225441575,fox_squirrel,0.063524842,studio_couch,0.091122471,studio_couch,0.046531718
779,plane,0.194714308,pick,0.109903999,tick,0.047061514,tick,0.225429937
780,frilled_lizard,0.546700597,marmoset,0.31405139,frilled_lizard,0.314298511,frilled_lizard,0.557502568
781,tailed_frog,0.954911053,leopard,0.364529729,tailed_frog,0.961722493,tailed_frog,0.946043253
782,tailed_frog,0.566394448,tailed_frog,0.568218946,wood_rabbit,0.138306022,tailed_frog,0.274259627
783,tailed_frog,0.884715259,frilled_lizard,0.871175587,tailed_frog,0.955149949,tailed_frog,0.950809717
784,electric_ray,0.098956354,Irish_water_spaniel,0.384305537,electric_ray,0.251215279,electric_ray,0.134448215
785,frilled_lizard,0.198772773,frilled_lizard,0.339190632,common_newt,0.296007067,common_newt,0.220712095
786,tailed_frog,0.564859092,chain_mail,0.192140445,tailed_frog,0.822625041,tailed_frog,0.630571306
787,tailed_frog,0.666368306,tailed_frog,0.107992634,tailed_frog,0.865426004,tailed_frog,0.593925774
788,tailed_frog,0.654075205,eel,0.318453133,tailed_frog,0.41821152,tailed_frog,0.439221144
789,African_chameleon,0.55348891,African_chameleon,0.491124153,African_chameleon,0.626201272,African_chameleon,0.689067304
790,tailed_frog,0.845890224,fox_squirrel,0.174403548,tailed_frog,0.787583351,tailed_frog,0.838777602
791,tailed_frog,0.494209945,banded_gecko,0.185935527,tailed_frog,0.688769519,tailed_frog,0.712461233
792,tailed_frog,0.529628098,earthstar,0.140670344,tailed_frog,0.631641328,tailed_frog,0.575948119
793,sidewinder,0.375298589,electric_ray,0.147267178,sidewinder,0.267777324,tailed_frog,0.231455743
794,fox_squirrel,0.229105979,fox_squirrel,0.837277353,lynx,0.208695054,fox_squirrel,0.291246116
795,tailed_frog,0.38588801,frilled_lizard,0.606875956,tailed_frog,0.560305357,tailed_frog,0.336218864
796,whiptail,0.374484837,fox_squirrel,0.063493215,clumber,0.067113079,whiptail,0.327477723
797,frilled_lizard,0.377991766,frilled_lizard,0.351511925,frilled_lizard,0.439806789,frilled_lizard,0.39452377
798,tailed_frog,0.632904351,frilled_lizard,0.403070807,tailed_frog,0.732982814,tailed_frog,0.722025096
799,tailed_frog,0.971998453,frilled_lizard,0.61796838,tailed_frog,0.981168747,tailed_frog,0.973368227
800,tailed_frog,0.910569787,fox_squirrel,0.301699162,tailed_frog,0.944274187,tailed_frog,0.913272202
801,tailed_frog,0.711661756,tailed_frog,0.779117882,tailed_frog,0.917976201,tailed_frog,0.835447073
802,tailed_frog,0.741989553,tailed_frog,0.315175027,tailed_frog,0.630888402,tailed_frog,0.48976323
803,tailed_frog,0.661760032,isopod,0.172172427,tailed_frog,0.713642895,tailed_frog,0.731919229
804,tailed_frog,0.418354183,broccoli,0.470690638,tailed_frog,0.592977941,tailed_frog,0.544481516
805,tailed_frog,0.482980937,rock_python,0.076862201,tailed_frog,0.772591054,tailed_frog,0.511942565
806,sidewinder,0.156955332,wood_rabbit,0.2996189,wood_rabbit,0.258156538,hen-of-the-woods,0.106048964
807,fox_squirrel,0.130028039,milk_can,0.552261949,wood_rabbit,0.136667058,beaver,0.116742708
808,banded_gecko,0.250212133,tailed_frog,0.172644615,banded_gecko,0.288368434,tailed_frog,0.308318317
809,sidewinder,0.311111599,frilled_lizard,0.913499177,sidewinder,0.390682131,sidewinder,0.500868618
810,pot,0.55849576,pick,0.51776284,Petri_dish,0.187048182,pot,0.495018303
811,tailed_frog,0.685832262,tailed_frog,0.372817338,tailed_frog,0.408681095,tailed_frog,0.750261307
812,sidewinder,0.204098895,barn_spider,0.166008964,tailed_frog,0.151020959,common_newt,0.143109068
813,fox_squirrel,0.826672494,fox_squirrel,0.60155046,frilled_lizard,0.240287915,fox_squirrel,0.705126226
814,limpkin,0.287653536,vine_snake,0.290205866,tailed_frog,0.062322393,vine_snake,0.226002723
815,isopod,0.331924677,letter_opener,0.248935744,isopod,0.345159143,isopod,0.458513588
816,sidewinder,0.652958095,tailed_frog,0.248468459,sidewinder,0.453732878,sidewinder,0.584980547
817,frilled_lizard,0.762272537,book_jacket,0.105210602,vizsla,0.064101517,triceratops,0.448169887
818,frilled_lizard,0.330546886,frilled_lizard,0.816907227,frilled_lizard,0.302542686,frilled_lizard,0.450785398
819,milk_can,0.055616416,milk_can,0.177994177,fox_squirrel,0.172225952,chain_mail,0.150885418
820,tailed_frog,0.306355476,eggnog,0.073191568,banana,0.109243304,tailed_frog,0.155856341
821,frilled_lizard,0.435099512,African_chameleon,0.833179533,tailed_frog,0.571640313,frilled_lizard,0.192567006
822,tailed_frog,0.962246597,Irish_water_spaniel,0.186921746,tailed_frog,0.943712413,tailed_frog,0.954848886
823,barn_spider,0.141494095,barn_spider,0.420905203,tailed_frog,0.117708616,barn_spider,0.283210456
824,tailed_frog,0.985095322,pickelhaube,0.544506669,tailed_frog,0.966227353,tailed_frog,0.980515361
825,frilled_lizard,0.262321681,frilled_lizard,0.955099106,frilled_lizard,0.343809724,tailed_frog,0.260728121
826,tailed_frog,0.822052002,barn_spider,0.174176171,tailed_frog,0.875454247,tailed_frog,0.89771086
827,tailed_frog,0.632651746,fox_squirrel,0.964704156,tailed_frog,0.962354541,tailed_frog,0.66191709
828,sidewinder,0.411238045,throne,0.128120407,tailed_frog,0.718705475,tailed_frog,0.566909134
829,rock_crab,0.198451608,barn_spider,0.114353351,electric_ray,0.212461278,barn_spider,0.144123212
830,grey_whale,0.603013098,German_short-haired_pointer,0.073897563,grey_whale,0.381970853,grey_whale,0.758270562
831,tailed_frog,0.527293801,frilled_lizard,0.81276226,fox_squirrel,0.115216054,tailed_frog,0.111032434
832,frilled_lizard,0.559240401,frilled_lizard,0.308105439,frilled_lizard,0.322329044,frilled_lizard,0.75931406
833,tailed_frog,0.143928304,platypus,0.794913471,tailed_frog,0.295334518,tailed_frog,0.12892431
834,tailed_frog,0.592458189,ant,0.327430248,tailed_frog,0.495438844,tailed_frog,0.446378052
835,platypus,0.4022066,fox_squirrel,0.290063232,tailed_frog,0.164462805,platypus,0.437804222
836,African_chameleon,0.634008884,African_chameleon,0.180215865,tailed_frog,0.518521488,tailed_frog,0.297693163
837,tailed_frog,0.826347828,hen-of-the-woods,0.243189812,tailed_frog,0.831131041,tailed_frog,0.840376735
838,tailed_frog,0.353685558,black_grouse,0.144557714,tailed_frog,0.397929639,tailed_frog,0.468294173
839,tailed_frog,0.911417663,cougar,0.056745209,tailed_frog,0.947527528,tailed_frog,0.912384391
840,pinwheel,0.163937986,pinwheel,0.174058139,macaque,0.08296036,African_chameleon,0.335133493
841,broccoli,0.251778185,frilled_lizard,0.580501795,broccoli,0.891171217,broccoli,0.569703341
842,tailed_frog,0.188439786,fox_squirrel,0.314425528,beaver,0.777608156,beaver,0.532862067
843,rock_python,0.238802925,tailed_frog,0.090497375,tailed_frog,0.452552676,tailed_frog,0.259070098
844,tailed_frog,0.747459173,tailed_frog,0.112967372,tailed_frog,0.731474638,tailed_frog,0.779625893
845,barn_spider,0.375328869,tailed_frog,0.359523952,barn_spider,0.164749488,knot,0.144598141
846,frilled_lizard,0.083494715,German_short-haired_pointer,0.787818015,tailed_frog,0.04914549,frilled_lizard,0.082484789
847,sidewinder,0.477386177,three-toed_sloth,0.092528574,horned_viper,0.593641818,horned_viper,0.392635196
848,tailed_frog,0.625544369,platypus,0.150968254,common_newt,0.432091534,tailed_frog,0.40029797
849,tailed_frog,0.950354517,barn_spider,0.256124109,tailed_frog,0.961807728,tailed_frog,0.943327725
850,frilled_lizard,0.126630113,banded_gecko,0.208146438,isopod,0.047913551,frilled_lizard,0.101575255
851,tailed_frog,0.683867395,overskirt,0.201116681,tailed_frog,0.959629476,tailed_frog,0.653937817
852,sidewinder,0.461388052,horned_viper,0.160431206,horned_viper,0.338960677,horned_viper,0.391042471
853,tailed_frog,0.911904812,tailed_frog,0.668309748,tailed_frog,0.937561154,tailed_frog,0.928067267
854,sidewinder,0.465210199,triceratops,0.082309417,sidewinder,0.491382807,sidewinder,0.342715204
855,black-footed_ferret,0.106176741,frilled_lizard,0.47923395,black-footed_ferret,0.181084454,black-footed_ferret,0.122089908
856,frilled_lizard,0.288262367,frilled_lizard,0.37769857,platypus,0.238430291,frilled_lizard,0.297506988
857,frilled_lizard,0.322084725,platypus,0.203923866,platypus,0.234671056,tailed_frog,0.530604184
858,tailed_frog,0.423685908,broccoli,0.757998168,tailed_frog,0.7652542,tailed_frog,0.621882379
859,tailed_frog,0.439919889,frilled_lizard,0.144645125,tailed_frog,0.701309085,tailed_frog,0.480496943
860,tailed_frog,0.920024514,pickelhaube,0.203391224,tailed_frog,0.895730257,tailed_frog,0.895637691
861,tailed_frog,0.638219655,common_newt,0.290502518,tailed_frog,0.585358679,tailed_frog,0.629661798
862,hen-of-the-woods,0.373700798,frilled_lizard,0.893480718,hen-of-the-woods,0.431295037,hen-of-the-woods,0.376213402
863,common_newt,0.498813123,indri,0.689543843,common_newt,0.442057878,common_newt,0.362108648
864,tailed_frog,0.124722011,fox_squirrel,0.432344764,tailed_frog,0.222074509,tailed_frog,0.15790616
865,tailed_frog,0.775945783,triceratops,0.179237977,tailed_frog,0.707035124,tailed_frog,0.836246848
866,tailed_frog,0.486111313,frilled_lizard,0.92891556,banded_gecko,0.162398323,tailed_frog,0.493545413
867,tailed_frog,0.339287996,frilled_lizard,0.80144918,African_chameleon,0.483560324,tailed_frog,0.332305133
868,rock_python,0.225526094,frilled_lizard,0.142556682,rock_python,0.154083729,tailed_frog,0.232843518
869,frilled_lizard,0.681185067,banded_gecko,0.748054326,leatherback_turtle,0.10065338,frilled_lizard,0.101473793
870,fox_squirrel,0.593255699,fox_squirrel,0.75370717,fox_squirrel,0.477047741,fox_squirrel,0.539941728
871,cardoon,0.302705824,gyromitra,0.282504708,sidewinder,0.203786656,cardoon,0.48104313
872,platypus,0.186195329,platypus,0.801552594,beaver,0.115558453,platypus,0.235411435
873,barn_spider,0.392961979,barn_spider,0.526655972,barn_spider,0.528335989,barn_spider,0.432712555
874,tailed_frog,0.348814249,banded_gecko,0.281662077,banded_gecko,0.652163506,banded_gecko,0.47995317
875,pickelhaube,0.117279373,rotisserie,0.456273317,Band_Aid,0.087232403,neck_brace,0.085403182
876,platypus,0.811225832,isopod,0.311264664,platypus,0.598392308,platypus,0.594950676
877,African_chameleon,0.256621867,African_chameleon,0.54386723,frilled_lizard,0.359281987,tailed_frog,0.371291637
878,tailed_frog,0.238201663,fox_squirrel,0.667500615,tailed_frog,0.150087565,tailed_frog,0.140232801
879,tailed_frog,0.125013947,tailed_frog,0.097686388,tailed_frog,0.038063716,tailed_frog,0.116397895
880,tailed_frog,0.894414186,tailed_frog,0.42189905,tailed_frog,0.934747458,tailed_frog,0.939524055
881,frilled_lizard,0.407148331,frilled_lizard,0.925625026,frilled_lizard,0.212985352,frilled_lizard,0.369939327
882,grey_whale,0.41868338,colobus,0.105808631,axolotl,0.221234292,grey_whale,0.576831341
883,tailed_frog,0.935691178,frilled_lizard,0.91308254,tailed_frog,0.801108539,tailed_frog,0.937348783
884,fox_squirrel,0.746941745,fox_squirrel,0.851367474,fox_squirrel,0.785397172,fox_squirrel,0.534604609
885,horned_viper,0.428856045,fox_squirrel,0.291491628,horned_viper,0.475548714,horned_viper,0.442451656
886,fox_squirrel,0.423231661,fox_squirrel,0.584780157,snow_leopard,0.234848946,fox_squirrel,0.322148085
887,tailed_frog,0.702835143,barn_spider,0.791401327,tailed_frog,0.482743949,tailed_frog,0.728009582
888,tailed_frog,0.890878379,tailed_frog,0.389146656,tailed_frog,0.951422036,tailed_frog,0.942636073
889,tailed_frog,0.566438019,frilled_lizard,0.516687095,tailed_frog,0.632421792,gyromitra,0.692552209
890,tailed_frog,0.895299673,banded_gecko,0.307225376,tailed_frog,0.657806873,tailed_frog,0.833050132
891,tailed_frog,0.237907767,frilled_lizard,0.049435597,black-footed_ferret,0.097079523,tailed_frog,0.253542691
892,sidewinder,0.212511495,leopard,0.251011908,tailed_frog,0.20647791,gyromitra,0.244381547
893,frilled_lizard,0.867477119,frilled_lizard,0.978392482,frilled_lizard,0.84179455,frilled_lizard,0.8231076
894,tailed_frog,0.674565911,frilled_lizard,0.803459048,tailed_frog,0.352307945,tailed_frog,0.764810681
895,earthstar,0.091953769,earthstar,0.249828577,tailed_frog,0.497586399,platypus,0.100106627
896,tailed_frog,0.27682209,frilled_lizard,0.1866678,tailed_frog,0.691570461,tailed_frog,0.261771053
897,frilled_lizard,0.337173015,bolo_tie,0.154810101,tailed_frog,0.65763104,frilled_lizard,0.520446002
898,banded_gecko,0.248539358,earthstar,0.123119324,tailed_frog,0.451705098,banded_gecko,0.351293713
899,sidewinder,0.110743098,whiptail,0.308893919,tailed_frog,0.143026501,sidewinder,0.128479257
900,sidewinder,0.667150557,rock_python,0.585665226,sidewinder,0.752135396,sidewinder,0.786588669
901,hen-of-the-woods,0.138498247,Petri_dish,0.060544815,hen-of-the-woods,0.167319387,hen-of-the-woods,0.15809758
902,electric_ray,0.284071088,electric_ray,0.437210441,electric_ray,0.310061723,leopard,0.389463991
903,tailed_frog,0.341895282,frilled_lizard,0.55870235,tailed_frog,0.41213721,tailed_frog,0.538559198
904,fox_squirrel,0.101820044,honeycomb,0.263016015,fox_squirrel,0.044441428,fox_squirrel,0.088792525
905,tailed_frog,0.457253098,tailed_frog,0.630297244,tailed_frog,0.522945344,tailed_frog,0.334916294
906,banded_gecko,0.240565851,pick,0.115029298,tailed_frog,0.405083984,banded_gecko,0.217718035
907,tailed_frog,0.382975519,vine_snake,0.602447152,common_newt,0.527280509,tailed_frog,0.416068494
908,platypus,0.232735276,three-toed_sloth,0.065863125,mink,0.141311675,platypus,0.263342857
909,fox_squirrel,0.406929195,tench,0.277378231,fox_squirrel,0.696285129,fox_squirrel,0.500407636
910,tailed_frog,0.382958949,tailed_frog,0.177114055,tailed_frog,0.339985847,common_newt,0.33945784
911,fox_squirrel,0.274890155,fox_squirrel,0.339311123,fox_squirrel,0.217565328,fox_squirrel,0.304214627
912,long-horned_beetle,0.094521254,isopod,0.183101043,black-footed_ferret,0.049561858,hartebeest,0.202340364
913,tailed_frog,0.981791139,wood_rabbit,0.228600681,tailed_frog,0.983117938,tailed_frog,0.989006639
914,frilled_lizard,0.818824947,chiton,0.06602753,frilled_lizard,0.517491817,frilled_lizard,0.861946106
915,fox_squirrel,0.120370716,frilled_lizard,0.235838562,platypus,0.221090183,platypus,0.249445066
916,bearskin,0.354010314,overskirt,0.097769983,frilled_lizard,0.436103702,frilled_lizard,0.717279136
917,tailed_frog,0.479108065,horned_viper,0.188750803,horned_viper,0.375060558,tailed_frog,0.504095316
918,tailed_frog,0.491889626,isopod,0.441310108,tailed_frog,0.317187101,tailed_frog,0.409855515
919,tailed_frog,0.737124145,common_newt,0.532014191,fox_squirrel,0.847713232,fox_squirrel,0.681836903
920,barn_spider,0.111832529,hen-of-the-woods,0.138431966,isopod,0.080641635,isopod,0.122769825
921,tailed_frog,0.893724561,frilled_lizard,0.341425657,tailed_frog,0.448035359,tailed_frog,0.832968533
922,eft,0.30643338,Band_Aid,0.159751534,hen,0.139283329,eft,0.393144637
923,tailed_frog,0.402782679,frilled_lizard,0.733077645,tailed_frog,0.13519609,tailed_frog,0.349954486
924,banded_gecko,0.878853202,banded_gecko,0.791162789,tray,0.242521048,banded_gecko,0.418769032
925,tailed_frog,0.89397192,fox_squirrel,0.455173135,tailed_frog,0.646172941,tailed_frog,0.9015643
926,sidewinder,0.601384342,Indian_cobra,0.635077894,tailed_frog,0.067375436,tailed_frog,0.432414651
927,tailed_frog,0.622712255,common_newt,0.239735782,tailed_frog,0.614895344,tailed_frog,0.555762112
928,tailed_frog,0.498403788,chiton,0.409076065,fiddler_crab,0.202714399,tailed_frog,0.673243284
929,tailed_frog,0.418883204,platypus,0.848749578,tree_frog,0.540738523,tailed_frog,0.510097384
930,sidewinder,0.667194724,isopod,0.273184359,sidewinder,0.743918657,sidewinder,0.601974487
931,tailed_frog,0.683058977,muzzle,0.335001856,tailed_frog,0.85014832,tailed_frog,0.81978184
932,vine_snake,0.538684368,artichoke,0.349044949,artichoke,0.061607216,vine_snake,0.383916169
933,earthstar,0.156465963,hen-of-the-woods,0.417512149,earthstar,0.100906596,earthstar,0.117995583
934,tailed_frog,0.364726663,pickelhaube,0.21958068,tailed_frog,0.213124767,tailed_frog,0.343456
935,tailed_frog,0.690519989,isopod,0.277066022,tailed_frog,0.868189394,tailed_frog,0.833495855
936,Band_Aid,0.236369476,Band_Aid,0.062208943,Band_Aid,0.583026707,Band_Aid,0.168925658
937,frilled_lizard,0.950840771,frilled_lizard,0.958579302,frilled_lizard,0.902710915,frilled_lizard,0.832749903
938,tailed_frog,0.75896132,barn_spider,0.182630315,tailed_frog,0.845217586,tailed_frog,0.834398627
939,tailed_frog,0.187217295,frilled_lizard,0.905560076,tree_frog,0.231912136,tailed_frog,0.268118769
940,tailed_frog,0.565063894,tailed_frog,0.239878312,tailed_frog,0.633020222,tailed_frog,0.38867721
941,tailed_frog,0.264449745,tick,0.776005566,white_wolf,0.085018419,horned_viper,0.197912291
942,tailed_frog,0.57805115,fox_squirrel,0.297715306,frilled_lizard,0.521428108,tailed_frog,0.742770851
943,tailed_frog,0.836108923,barn_spider,0.209250391,tailed_frog,0.941443503,tailed_frog,0.911693454
944,tailed_frog,0.645355225,ocarina,0.219334871,tailed_frog,0.877311885,tailed_frog,0.656877279
945,whiptail,0.202132344,banded_gecko,0.081322268,whiptail,0.124256454,whiptail,0.358853132
946,agama,0.368096769,frilled_lizard,0.24911359,African_chameleon,0.305483311,agama,0.304386407
947,tailed_frog,0.977534652,bluetick,0.238960043,tailed_frog,0.982463241,tailed_frog,0.979693532
948,frilled_lizard,0.097844608,frilled_lizard,0.892578661,tailed_frog,0.430692196,frilled_lizard,0.207343742
949,three-toed_sloth,0.257645518,frilled_lizard,0.1891101,hog,0.266175598,hog,0.278757393
950,tailed_frog,0.532514811,tailed_frog,0.351563632,tailed_frog,0.646282792,tailed_frog,0.91207397
951,platypus,0.806500316,platypus,0.989576221,platypus,0.166513622,platypus,0.209698901
952,barn_spider,0.412271589,chiton,0.136246979,barn_spider,0.575755954,barn_spider,0.454346359
953,frilled_lizard,0.395451039,isopod,0.180947408,tailed_frog,0.573163807,frilled_lizard,0.332624167
954,earthstar,0.867564857,earthstar,0.993504405,earthstar,0.361963362,earthstar,0.857064962
955,trifle,0.287701517,trifle,0.089579396,axolotl,0.145770147,eggnog,0.110556737
956,fox_squirrel,0.280891508,fox_squirrel,0.252494067,Irish_water_spaniel,0.134287924,fox_squirrel,0.190676376
957,tailed_frog,0.683719516,jaguar,0.588194251,tailed_frog,0.257042587,tailed_frog,0.762849331
958,tiger_beetle,0.350807697,tiger_beetle,0.198389813,tiger_beetle,0.216998577,hen-of-the-woods,0.231128216
959,soap_dispenser,0.226425171,loupe,0.261806488,jigsaw_puzzle,0.229542553,nipple,0.536081374
960,tailed_frog,0.967173815,German_short-haired_pointer,0.177017435,tailed_frog,0.952322185,tailed_frog,0.985769868
961,Irish_water_spaniel,0.057845261,gong,0.109010167,barn_spider,0.105574578,Irish_water_spaniel,0.046105046
962,tick,0.385179043,scorpion,0.287069976,ant,0.454232275,scorpion,0.282890201
963,fox_squirrel,0.870955765,tailed_frog,0.83104229,fox_squirrel,0.852626264,fox_squirrel,0.935599148
964,consomme,0.124701887,flatworm,0.171473652,consomme,0.180567086,Dungeness_crab,0.164039224
965,tailed_frog,0.331373453,black_grouse,0.310639054,tailed_frog,0.851954639,tailed_frog,0.292406112
966,tailed_frog,0.63181752,chiton,0.501548171,sidewinder,0.406555533,tailed_frog,0.605024576
967,tailed_frog,0.530789554,frilled_lizard,0.83341974,tailed_frog,0.473336935,tailed_frog,0.671216965
968,horned_viper,0.535287261,screw,0.169247091,horned_viper,0.505597651,horned_viper,0.359830409
969,tailed_frog,0.448891461,tailed_frog,0.190301478,tailed_frog,0.83346194,tailed_frog,0.491934329
970,frilled_lizard,0.996300042,frilled_lizard,0.9788149,frilled_lizard,0.357360482,frilled_lizard,0.996094525
971,tailed_frog,0.938864827,frilled_lizard,0.173201337,tailed_frog,0.937803984,tailed_frog,0.852925122
972,acorn,0.340004414,barn_spider,0.096362405,yellow_lady's_slipper,0.464253575,yellow_lady's_slipper,0.624182522
973,sidewinder,0.067417465,dugong,0.575469434,eel,0.113504007,electric_ray,0.083530672
974,frilled_lizard,0.349294692,frilled_lizard,0.972083151,frilled_lizard,0.383968174,tailed_frog,0.396326274
975,common_newt,0.286062598,gyromitra,0.166532367,common_newt,0.1810956,common_newt,0.131626353
976,tailed_frog,0.36617887,electric_ray,0.256051868,whiptail,0.538028777,whiptail,0.453552276
977,tailed_frog,0.665569782,frilled_lizard,0.998706818,tailed_frog,0.722053409,tailed_frog,0.720510602
978,prayer_rug,0.061710633,worm_fence,0.723905683,Sealyham_terrier,0.138034761,maze,0.083524361
979,tree_frog,0.454999328,zucchini,0.495641053,tree_frog,0.789864898,tree_frog,0.711964011
980,banded_gecko,0.868946433,sidewinder,0.632415116,banded_gecko,0.912758946,banded_gecko,0.921681523
981,tailed_frog,0.798975766,three-toed_sloth,0.298506588,common_newt,0.380331665,tailed_frog,0.633368373
982,platypus,0.662626028,tick,0.3118276,platypus,0.227724269,platypus,0.445242256
983,common_newt,0.405074984,mink,0.082760789,eft,0.456603795,common_newt,0.390295655
984,tailed_frog,0.659923196,gazelle,0.070006959,tailed_frog,0.401515961,tailed_frog,0.270896435
985,vine_snake,0.355461061,Band_Aid,0.225695461,tailed_frog,0.288803577,tailed_frog,0.386966795
986,tailed_frog,0.820135653,fox_squirrel,0.5063411,tailed_frog,0.849607646,tailed_frog,0.786134303
987,frilled_lizard,0.232267573,frilled_lizard,0.28857708,agama,0.326142609,agama,0.256716192
988,banded_gecko,0.258500725,frilled_lizard,0.580891073,platypus,0.154572755,African_chameleon,0.159711674
989,tailed_frog,0.223757386,rock_python,0.27443251,rock_python,0.147599056,tailed_frog,0.508044481
990,tailed_frog,0.174136102,fox_squirrel,0.132716805,earthstar,0.137132525,tailed_frog,0.138254642
991,frilled_lizard,0.790498495,barn_spider,0.714498699,frilled_lizard,0.786170542,frilled_lizard,0.721667767
992,barn_spider,0.337078065,bolo_tie,0.651349545,barn_spider,0.140525252,barn_spider,0.212179929
993,tailed_frog,0.714417994,chiton,0.258213997,tailed_frog,0.07057251,tailed_frog,0.533522069
994,tailed_frog,0.878240049,leatherback_turtle,0.684743941,tailed_frog,0.506416023,agama,0.615171552
995,frilled_lizard,0.172028363,frilled_lizard,0.769915104,rock_python,0.354159981,frilled_lizard,0.18995294
996,sidewinder,0.229812846,sidewinder,0.47811228,sidewinder,0.203333542,sidewinder,0.311132342
997,tailed_frog,0.309464961,rock_python,0.896830797,tailed_frog,0.871492147,tailed_frog,0.480607897
998,tailed_frog,0.308151126,isopod,0.366181821,whiptail,0.379181117,tailed_frog,0.490550399
999,tailed_frog,0.672536552,indri,0.19366166,tailed_frog,0.65094769,tailed_frog,0.703207076
